full_tag	top_tag	sub_tag	n_stories	n_editions	top_cooccurring	examples
supernatural:perception	supernatural	perception	295	9	social:inter_hasidic_master_disciple_relationship(121); practice:prayer(73); ethics-and-emotions:prohibitions(69); supernatural:prognostication(62); women:minor_character(55)	Adat-Zadikim_0001; Adat-Zadikim_0004; Adat-Zadikim_0006
social:inter_hasidic_master_disciple_relationship	social	inter_hasidic_master_disciple_relationship	213	9	supernatural:perception(121); practice:prayer(62); practice:study(58); practice:travel_to_the_tsaddik(53); social:relations_with_non_hasidim(50)	Adat-Zadikim_0001; Adat-Zadikim_0004; Adat-Zadikim_0008
practice:prayer	practice	prayer	169	9	supernatural:perception(73); social:inter_hasidic_master_disciple_relationship(62); practice:protection(38); women:minor_character(36); social:relations_with_non_jews(33)	Adat-Zadikim_0001; Adat-Zadikim_0007; Adat-Zadikim_0009
supernatural:prognostication	supernatural	prognostication	122	9	supernatural:perception(62); social:inter_hasidic_master_disciple_relationship(37); folkloristics:story_type_prognostication(35); social:relations_with_non_jews(34); practice:prayer(32)	Adat-Zadikim_0001; Adat-Zadikim_0002; Adat-Zadikim_0008
ethics-and-emotions:prohibitions	ethics-and-emotions	prohibitions	119	9	supernatural:perception(69); social:inter_hasidic_master_disciple_relationship(39); ethics-and-emotions:repentance(31); ethics-and-emotions:punishment(31); women:minor_character(30)	Adat-Zadikim_0004; Adat-Zadikim_0009; Adat-Zadikim_0010
practice:study	practice	study	105	9	social:inter_hasidic_master_disciple_relationship(58); supernatural:perception(48); practice:prayer(32); social:relations_with_non_hasidim(30); ethics-and-emotions:prohibitions(27)	Adat-Zadikim_0012; Adat-Zadikim_0018; Adat-Zadikim_0019
women:minor_character	women	minor_character	103	9	supernatural:perception(55); characters-and-roles:the_family_of_the_tsaddik(36); practice:prayer(36); social:inter_hasidic_master_disciple_relationship(32); ethics-and-emotions:prohibitions(30)	Adat-Zadikim_0003; Adat-Zadikim_0006; Adat-Zadikim_0007
social:relations_with_non_jews	social	relations_with_non_jews	101	9	supernatural:perception(50); practice:protection(47); social:relations_with_the_authorities(40); supernatural:prognostication(34); practice:prayer(33)	Adat-Zadikim_0006; Adat-Zadikim_0008; Adat-Zadikim_0014
women:mention_only	women	mention_only	100	9	supernatural:perception(47); supernatural:prognostication(27); social:inter_hasidic_master_disciple_relationship(25); practice:prayer(23); social:relations_with_non_jews(22)	Adat-Zadikim_0002; Adat-Zadikim_0014; Adat-Zadikim_0017
social:relations_with_non_hasidim	social	relations_with_non_hasidim	89	8	social:inter_hasidic_master_disciple_relationship(50); supernatural:perception(45); social:conflict(37); social:retrospective_recognition(34); practice:study(30)	Adat-Zadikim_0017; Khal-Hasidim_0017; Khal-Hasidim_0022
supernatural:communicating_with_the_invisible	supernatural	communicating_with_the_invisible	87	8	social:inter_hasidic_master_disciple_relationship(31); supernatural:perception(30); women:minor_character(28); practice:prayer(28); ethics-and-emotions:prohibitions(23)	Adat-Zadikim_0004; Adat-Zadikim_0008; Adat-Zadikim_0013
practice:protection	practice	protection	85	9	social:relations_with_non_jews(47); supernatural:perception(45); practice:prayer(38); women:minor_character(26); supernatural:communicating_with_the_invisible(23)	Adat-Zadikim_0008; Adat-Zadikim_0024; Khal-Hasidim_0001
supernatural:magic	supernatural	magic	85	9	supernatural:perception(32); practice:prayer(30); women:minor_character(26); ethics-and-emotions:prohibitions(24); characters-and-roles:the_family_of_the_tsaddik(23)	Adat-Zadikim_0003; Adat-Zadikim_0004; Adat-Zadikim_0013
ethics-and-emotions:punishment	ethics-and-emotions	punishment	81	9	supernatural:perception(33); ethics-and-emotions:prohibitions(31); social:inter_hasidic_master_disciple_relationship(25); women:minor_character(22); supernatural:prognostication(21)	Adat-Zadikim_0004; Adat-Zadikim_0009; Adat-Zadikim_0024
social:conflict	social	conflict	81	8	supernatural:perception(37); social:relations_with_non_hasidim(37); social:inter_hasidic_master_disciple_relationship(26); practice:prayer(24); ethics-and-emotions:prohibitions(19)	Adat-Zadikim_0010; Adat-Zadikim_0013; Adat-Zadikim_0022
characters-and-roles:the_family_of_the_tsaddik	characters-and-roles	the_family_of_the_tsaddik	78	8	social:inter_hasidic_master_disciple_relationship(36); women:minor_character(36); practice:prayer(30); practice:study(26); supernatural:perception(24)	Adat-Zadikim_0001; Adat-Zadikim_0003; Adat-Zadikim_0013
ethics-and-emotions:fear	ethics-and-emotions	fear	77	9	supernatural:perception(35); social:inter_hasidic_master_disciple_relationship(32); characters-and-roles:the_family_of_the_tsaddik(19); supernatural:prognostication(19); practice:prayer(19)	Adat-Zadikim_0013; Adat-Zadikim_0021; Adat-Zadikim_0022
times:death	times	death	73	8	social:inter_hasidic_master_disciple_relationship(39); supernatural:perception(33); practice:prayer(23); practice:study(23); folkloristics:story_type_death_of_the_tsaddik(18)	Adat-Zadikim_0002; Adat-Zadikim_0008; Adat-Zadikim_0016
ethics-and-emotions:repentance	ethics-and-emotions	repentance	71	8	supernatural:perception(50); ethics-and-emotions:prohibitions(31); social:inter_hasidic_master_disciple_relationship(30); practice:travel_to_the_tsaddik(21); ethics-and-emotions:punishment(19)	Adat-Zadikim_0004; Adat-Zadikim_0008; Adat-Zadikim_0009
ethics-and-emotions:sadness	ethics-and-emotions	sadness	70	9	social:inter_hasidic_master_disciple_relationship(41); supernatural:perception(34); practice:prayer(32); ethics-and-emotions:prohibitions(26); practice:study(20)	Adat-Zadikim_0008; Adat-Zadikim_0009; Adat-Zadikim_0012
practice:travel_to_the_tsaddik	practice	travel_to_the_tsaddik	70	9	social:inter_hasidic_master_disciple_relationship(53); supernatural:perception(50); practice:reception_of_hasidim(28); social:inter_hasidic(28); ethics-and-emotions:prohibitions(23)	Adat-Zadikim_0009; Adat-Zadikim_0012; Adat-Zadikim_0015
social:retrospective_recognition	social	retrospective_recognition	69	8	supernatural:perception(41); social:relations_with_non_hasidim(34); social:inter_hasidic_master_disciple_relationship(25); supernatural:prognostication(24); folkloristics:story_type_rapprochement(21)	Adat-Zadikim_0010; Adat-Zadikim_0013; Adat-Zadikim_0017
knowledge:esoteric	knowledge	esoteric	66	6	social:inter_hasidic_master_disciple_relationship(37); supernatural:perception(32); practice:study(27); women:minor_character(21); practice:tvilah(19)	Adat-Zadikim_0018; Adat-Zadikim_0019; Khal-Hasidim_0002
practice:sermon	practice	sermon	66	8	supernatural:perception(34); social:inter_hasidic_master_disciple_relationship(30); practice:prayer(26); ethics-and-emotions:sadness(16); practice:study(15)	Adat-Zadikim_0009; Adat-Zadikim_0010; Adat-Zadikim_0011
social:inter_hasidic	social	inter_hasidic	65	8	social:inter_hasidic_master_disciple_relationship(49); supernatural:perception(33); practice:travel_to_the_tsaddik(28); practice:study(22); characters-and-roles:the_family_of_the_tsaddik(19)	Adat-Zadikim_0012; Adat-Zadikim_0015; Adat-Zadikim_0020
practice:healing	practice	healing	63	7	supernatural:perception(25); social:inter_hasidic_master_disciple_relationship(19); practice:prayer(19); women:mention_only(18); supernatural:magic(17)	Adat-Zadikim_0004; Adat-Zadikim_0017; Khal-Hasidim_0006
practice:tvilah	practice	tvilah	62	8	supernatural:perception(33); social:inter_hasidic_master_disciple_relationship(31); practice:prayer(26); spaces:mikveh(23); knowledge:esoteric(19)	Adat-Zadikim_0016; Khal-Hasidim_0004; Khal-Hasidim_0005
social:relations_with_the_authorities	social	relations_with_the_authorities	62	8	social:relations_with_non_jews(40); supernatural:perception(32); supernatural:prognostication(20); practice:prayer(18); practice:protection(17)	Adat-Zadikim_0006; Adat-Zadikim_0010; Adat-Zadikim_0016
ethics-and-emotions:anger	ethics-and-emotions	anger	55	8	supernatural:perception(27); ethics-and-emotions:punishment(20); social:inter_hasidic_master_disciple_relationship(17); practice:prayer(17); supernatural:prognostication(16)	Adat-Zadikim_0008; Adat-Zadikim_0009; Adat-Zadikim_0022
women:catalyst_character	women	catalyst_character	54	8	supernatural:perception(38); practice:healing(15); social:inter_hasidic_master_disciple_relationship(14); ethics-and-emotions:prohibitions(14); supernatural:prognostication(14)	Adat-Zadikim_0004; Adat-Zadikim_0016; Khal-Hasidim_0006
practice:storytelling	practice	storytelling	53	8	social:inter_hasidic_master_disciple_relationship(27); supernatural:perception(21); practice:study(14); ethics-and-emotions:charity(12); women:minor_character(11)	Adat-Zadikim_0002; Adat-Zadikim_0003; Adat-Zadikim_0007
times:shabbat	times	shabbat	53	6	social:inter_hasidic_master_disciple_relationship(30); supernatural:perception(28); practice:prayer(26); supernatural:prognostication(14); practice:sermon(13)	Adat-Zadikim_0001; Adat-Zadikim_0011; Adat-Zadikim_0012
ethics-and-emotions:virtues	ethics-and-emotions	virtues	52	7	supernatural:perception(21); folkloristics:story_type_virtues(17); practice:prayer(14); ethics-and-emotions:charity(12); ethics-and-emotions:prohibitions(12)	Adat-Zadikim_0001; Adat-Zadikim_0005; Adat-Zadikim_0006
practice:recitation_of_psalms	practice	recitation_of_psalms	45	9	supernatural:perception(21); social:inter_hasidic_master_disciple_relationship(20); practice:prayer(18); practice:study(18); women:minor_character(17)	Adat-Zadikim_0008; Adat-Zadikim_0013; Adat-Zadikim_0017
ethics-and-emotions:charity	ethics-and-emotions	charity	42	8	supernatural:perception(22); practice:storytelling(12); ethics-and-emotions:virtues(12); supernatural:prognostication(11); practice:study(10)	Adat-Zadikim_0002; Adat-Zadikim_0006; Adat-Zadikim_0007
experience:dream	experience	dream	42	8	supernatural:communicating_with_the_invisible(19); social:inter_hasidic_master_disciple_relationship(18); practice:prayer(17); supernatural:perception(16); spaces:heaven(13)	Adat-Zadikim_0008; Adat-Zadikim_0014; Adat-Zadikim_0016
spaces:heaven	spaces	heaven	39	7	supernatural:communicating_with_the_invisible(17); social:inter_hasidic_master_disciple_relationship(16); supernatural:perception(13); experience:dream(13); experience:journey_to_heaven(12)	Adat-Zadikim_0019; Khal-Hasidim_0008; Khal-Hasidim_0018
times:holidays	times	holidays	39	9	practice:prayer(23); supernatural:perception(14); social:inter_hasidic_master_disciple_relationship(13); characters-and-roles:the_family_of_the_tsaddik(12); ethics-and-emotions:sadness(10)	Adat-Zadikim_0003; Adat-Zadikim_0009; Khal-Hasidim_0012
folkloristics:story_type_rapprochement	folkloristics	story_type_rapprochement	37	6	social:inter_hasidic_master_disciple_relationship(29); social:relations_with_non_hasidim(23); supernatural:perception(23); social:retrospective_recognition(21); practice:travel_to_the_tsaddik(16)	Adat-Zadikim_0017; Adat-Zadikim_0018; Khal-Hasidim_0004
experience:revelation	experience	revelation	36	6	social:inter_hasidic_master_disciple_relationship(18); supernatural:communicating_with_the_invisible(16); supernatural:perception(14); characters-and-roles:elijah_the_prophet(14); characters-and-roles:the_family_of_the_tsaddik(13)	Adat-Zadikim_0006; Adat-Zadikim_0011; Adat-Zadikim_0019
social:marital_relationship	social	marital_relationship	36	8	characters-and-roles:the_family_of_the_tsaddik(21); supernatural:perception(18); social:inter_hasidic_master_disciple_relationship(15); women:minor_character(14); practice:prayer(11)	Adat-Zadikim_0001; Khal-Hasidim_0002; Khal-Hasidim_0004
social:marriage	social	marriage	36	9	practice:study(20); supernatural:perception(19); supernatural:communicating_with_the_invisible(15); ethics-and-emotions:prohibitions(15); women:mention_only(11)	Adat-Zadikim_0004; Adat-Zadikim_0015; Adat-Zadikim_0021
women:major_character	women	major_character	36	8	supernatural:perception(14); supernatural:prognostication(13); characters-and-roles:the_family_of_the_tsaddik(13); ethics-and-emotions:repentance(10); supernatural:communicating_with_the_invisible(9)	Adat-Zadikim_0001; Adat-Zadikim_0013; Adat-Zadikim_0015
folkloristics:story_type_prognostication	folkloristics	story_type_prognostication	35	5	supernatural:prognostication(35); women:mention_only(12); supernatural:perception(10); social:retrospective_recognition(8); social:inter_hasidic_master_disciple_relationship(7)	Adat-Zadikim_0002; Adat-Zadikim_0020; Khal-Hasidim_0011
practice:reception_of_hasidim	practice	reception_of_hasidim	34	8	social:inter_hasidic_master_disciple_relationship(30); supernatural:perception(28); practice:travel_to_the_tsaddik(28); social:inter_hasidic(17); social:relations_with_non_hasidim(15)	Adat-Zadikim_0012; Adat-Zadikim_0017; Khal-Hasidim_0105
ethics-and-emotions:humility	ethics-and-emotions	humility	33	7	social:inter_hasidic_master_disciple_relationship(15); ethics-and-emotions:pride(13); ethics-and-emotions:prohibitions(12); supernatural:perception(9); practice:study(8)	Adat-Zadikim_0012; Adat-Zadikim_0023; Khal-Hasidim_0044
characters-and-roles:hidden_righteous	characters-and-roles	hidden_righteous	32	7	supernatural:perception(19); characters-and-roles:the_family_of_the_tsaddik(13); supernatural:magic(12); women:minor_character(12); social:inter_hasidic(12)	Adat-Zadikim_0013; Khal-Hasidim_0002; Khal-Hasidim_0003
characters-and-roles:demons	characters-and-roles	demons	31	6	supernatural:communicating_with_the_invisible(16); supernatural:magic(14); practice:protection(13); women:minor_character(12); women:mention_only(11)	Khal-Hasidim_0001; Khal-Hasidim_0009; Khal-Hasidim_0010
ethics-and-emotions:joy	ethics-and-emotions	joy	31	9	social:inter_hasidic_master_disciple_relationship(21); supernatural:perception(15); practice:prayer(15); ethics-and-emotions:sadness(15); characters-and-roles:the_family_of_the_tsaddik(14)	Adat-Zadikim_0001; Adat-Zadikim_0003; Adat-Zadikim_0012
supernatural:light_or_fire_as_a_sign_of_righteousness	supernatural	light_or_fire_as_a_sign_of_righteousness	31	6	social:inter_hasidic_master_disciple_relationship(17); supernatural:perception(16); women:minor_character(12); practice:study(11); characters-and-roles:the_family_of_the_tsaddik(11)	Adat-Zadikim_0018; Adat-Zadikim_0021; Khal-Hasidim_0004
practice:fasting	practice	fasting	30	7	practice:asceticism(17); supernatural:perception(13); supernatural:prognostication(12); ethics-and-emotions:prohibitions(12); women:minor_character(11)	Adat-Zadikim_0022; Khal-Hasidim_0002; Khal-Hasidim_0009
supernatural:miracle	supernatural	miracle	29	6	supernatural:magic(13); practice:prayer(11); women:minor_character(10); social:relations_with_non_jews(10); practice:protection(10)	Adat-Zadikim_0003; Adat-Zadikim_0004; Khal-Hasidim_0002
not-a-hasidic-story:hagiography	not-a-hasidic-story	hagiography	28	8	ethics-and-emotions:prohibitions(19); ethics-and-emotions:punishment(11); supernatural:perception(10); social:relations_with_non_jews(9); practice:study(9)	Adat-Zadikim_0022; Adat-Zadikim_0023; Adat-Zadikim_0024
supernatural:reincarnation	supernatural	reincarnation	28	5	ethics-and-emotions:punishment(17); supernatural:perception(16); social:inter_hasidic_master_disciple_relationship(10); ethics-and-emotions:prohibitions(9); supernatural:communicating_with_the_invisible(7)	Khal-Hasidim_0003; Khal-Hasidim_0017; Khal-Hasidim_0018
practice:lifesaving	practice	lifesaving	27	6	practice:healing(14); supernatural:magic(11); supernatural:perception(11); practice:prayer(11); social:inter_hasidic_master_disciple_relationship(10)	Adat-Zadikim_0004; Khal-Hasidim_0023; Khal-Hasidim_0024
practice:meditation	practice	meditation	27	7	kabbalah:kabbalistic_terms_yihudim(17); knowledge:esoteric(11); kabbalah:kabbalistic_terms_kavvanot(11); social:inter_hasidic_master_disciple_relationship(10); practice:study(9)	Adat-Zadikim_0019; Khal-Hasidim_0002; Khal-Hasidim_0031
practice:asceticism	practice	asceticism	26	5	practice:fasting(17); social:inter_hasidic_master_disciple_relationship(12); supernatural:perception(12); practice:study(11); knowledge:esoteric(10)	Khal-Hasidim_0002; Khal-Hasidim_0055; Khal-Hasidim_0118
characters-and-roles:angels	characters-and-roles	angels	25	4	social:inter_hasidic_master_disciple_relationship(11); practice:prayer(11); supernatural:perception(10); social:relations_with_non_hasidim(8); social:retrospective_recognition(8)	Adat-Zadikim_0006; Adat-Zadikim_0017; Adat-Zadikim_0018
ethics-and-emotions:adultery	ethics-and-emotions	adultery	25	7	supernatural:perception(22); ethics-and-emotions:prohibitions(20); ethics-and-emotions:repentance(17); women:mention_only(12); social:inter_hasidic_master_disciple_relationship(11)	Adat-Zadikim_0009; Adat-Zadikim_0013; Adat-Zadikim_0024
spaces:the_land_of_israel	spaces	the_land_of_israel	25	5	practice:prayer(11); supernatural:perception(9); characters-and-roles:the_family_of_the_tsaddik(8); ethics-and-emotions:punishment(8); social:inter_hasidic_master_disciple_relationship(8)	Adat-Zadikim_0003; Khal-Hasidim_0003; Khal-Hasidim_0012
experience:enthusiasm	experience	enthusiasm	24	6	social:inter_hasidic_master_disciple_relationship(14); practice:prayer(13); characters-and-roles:the_family_of_the_tsaddik(10); practice:travel_to_the_tsaddik(10); women:minor_character(9)	Khal-Hasidim_0013; Khal-Hasidim_0034; Khal-Hasidim_0064
practice:drinking_alcohol	practice	drinking_alcohol	24	6	supernatural:perception(13); social:relations_with_non_jews(9); practice:protection(8); women:mention_only(8); practice:prayer(7)	Khal-Hasidim_0002; Khal-Hasidim_0013; Khal-Hasidim_0053
practice:smoking	practice	smoking	24	5	social:inter_hasidic_master_disciple_relationship(18); supernatural:perception(18); times:shabbat(9); supernatural:prognostication(8); practice:sermon(8)	Adat-Zadikim_0001; Adat-Zadikim_0011; Adat-Zadikim_0012
practice:tefillin	practice	tefillin	24	4	practice:prayer(14); social:inter_hasidic_master_disciple_relationship(12); supernatural:perception(11); ethics-and-emotions:fear(8); characters-and-roles:the_family_of_the_tsaddik(8)	Khal-Hasidim_0004; Khal-Hasidim_0048; Khal-Hasidim_0049
social:disobedience	social	disobedience	24	7	supernatural:prognostication(16); ethics-and-emotions:punishment(15); supernatural:perception(9); social:retrospective_recognition(8); women:mention_only(7)	Khal-Hasidim_0086; Khal-Hasidim_0102; Khal-Hasidim_0111
times:historical_event	times	historical_event	24	5	supernatural:prognostication(15); practice:prayer(13); social:relations_with_non_jews(11); practice:protection(10); supernatural:perception(9)	Adat-Zadikim_0006; Khal-Hasidim_0028; Khal-Hasidim_0029
ethics-and-emotions:shame	ethics-and-emotions	shame	23	4	supernatural:perception(13); ethics-and-emotions:prohibitions(9); social:inter_hasidic_master_disciple_relationship(9); ethics-and-emotions:sadness(9); supernatural:communicating_with_the_invisible(8)	Adat-Zadikim_0009; Adat-Zadikim_0013; Khal-Hasidim_0045
practice:devekut	practice	devekut	23	6	experience:devekut(22); social:inter_hasidic_master_disciple_relationship(16); women:minor_character(9); characters-and-roles:the_family_of_the_tsaddik(9); supernatural:light_or_fire_as_a_sign_of_righteousness(9)	Khal-Hasidim_0004; Khal-Hasidim_0005; Khal-Hasidim_0021
practice:pidyon_nefesh	practice	pidyon_nefesh	23	7	supernatural:perception(11); supernatural:magic(9); social:relations_with_non_jews(9); ethics-and-emotions:repentance(8); practice:healing(7)	Adat-Zadikim_0004; Adat-Zadikim_0007; Adat-Zadikim_0008
spaces:mikveh	spaces	mikveh	23	3	practice:tvilah(23); supernatural:perception(14); practice:prayer(12); social:inter_hasidic_master_disciple_relationship(10); supernatural:prognostication(7)	Khal-Hasidim_0034; Khal-Hasidim_0041; Khal-Hasidim_0055
ethics-and-emotions:lust	ethics-and-emotions	lust	22	7	ethics-and-emotions:prohibitions(17); supernatural:perception(15); ethics-and-emotions:repentance(13); women:minor_character(10); social:inter_hasidic_master_disciple_relationship(8)	Adat-Zadikim_0009; Adat-Zadikim_0013; Adat-Zadikim_0014
experience:devekut	experience	devekut	22	6	practice:devekut(22); social:inter_hasidic_master_disciple_relationship(15); women:minor_character(8); characters-and-roles:the_family_of_the_tsaddik(8); social:inter_hasidic(8)	Khal-Hasidim_0004; Khal-Hasidim_0005; Khal-Hasidim_0058
practice:healing_of_the_soul	practice	healing_of_the_soul	22	6	supernatural:communicating_with_the_invisible(12); supernatural:perception(11); ethics-and-emotions:repentance(10); practice:prayer(10); ethics-and-emotions:punishment(9)	Adat-Zadikim_0009; Adat-Zadikim_0014; Adat-Zadikim_0017
social:poverty	social	poverty	22	7	characters-and-roles:the_family_of_the_tsaddik(14); women:minor_character(13); practice:study(12); supernatural:perception(10); practice:prayer(10)	Adat-Zadikim_0001; Khal-Hasidim_0002; Khal-Hasidim_0009
supernatural:pregnancy	supernatural	pregnancy	22	5	women:mention_only(11); supernatural:prognostication(8); social:inter_hasidic_master_disciple_relationship(8); characters-and-roles:the_family_of_the_tsaddik(8); supernatural:perception(7)	Adat-Zadikim_0001; Khal-Hasidim_0051; Khal-Hasidim_0061
ethics-and-emotions:lying	ethics-and-emotions	lying	20	7	supernatural:perception(12); social:inter_hasidic_master_disciple_relationship(9); social:conflict(8); supernatural:communicating_with_the_invisible(7); ethics-and-emotions:fear(7)	Adat-Zadikim_0004; Adat-Zadikim_0013; Khal-Hasidim_0023
folkloristics:story_type_virtues	folkloristics	story_type_virtues	20	4	ethics-and-emotions:virtues(17); ethics-and-emotions:charity(7); ethics-and-emotions:humility(4); practice:pidyon_nefesh(3); practice:prayer(3)	Adat-Zadikim_0005; Adat-Zadikim_0006; Adat-Zadikim_0007
practice:releasing_agunot	practice	releasing_agunot	20	6	supernatural:perception(12); practice:study(10); ethics-and-emotions:punishment(9); ethics-and-emotions:prohibitions(9); social:marriage(9)	Adat-Zadikim_0024; Khal-Hasidim_0002; Khal-Hasidim_0115
practice:ritual_slaughtering	practice	ritual_slaughtering	20	4	characters-and-roles:ritual_slaughterer(13); supernatural:perception(12); women:minor_character(8); social:conflict(8); practice:prayer(7)	Adat-Zadikim_0010; Khal-Hasidim_0014; Khal-Hasidim_0019
experience:visions	experience	visions	19	4	practice:study(10); social:inter_hasidic_master_disciple_relationship(10); supernatural:perception(9); knowledge:esoteric(7); spaces:heaven(7)	Adat-Zadikim_0018; Adat-Zadikim_0019; Khal-Hasidim_0008
practice:dance	practice	dance	19	7	practice:prayer(10); characters-and-roles:the_family_of_the_tsaddik(9); social:inter_hasidic_master_disciple_relationship(8); times:birth(6); times:shabbat(6)	Adat-Zadikim_0001; Khal-Hasidim_0064; Khal-Hasidim_0081
practice:music	practice	music	19	6	practice:study(11); supernatural:communicating_with_the_invisible(10); women:minor_character(8); practice:protection(8); characters-and-roles:the_family_of_the_tsaddik(8)	Adat-Zadikim_0004; Adat-Zadikim_0008; Khal-Hasidim_0001
practice:solitude	practice	solitude	19	5	characters-and-roles:the_family_of_the_tsaddik(14); women:minor_character(12); social:marital_relationship(10); characters-and-roles:hidden_righteous(9); practice:study(8)	Khal-Hasidim_0001; Khal-Hasidim_0002; Khal-Hasidim_0003
times:birth	times	birth	19	5	supernatural:perception(14); characters-and-roles:the_family_of_the_tsaddik(13); social:inter_hasidic_master_disciple_relationship(9); social:conflict(9); women:mention_only(8)	Adat-Zadikim_0001; Khal-Hasidim_0001; Khal-Hasidim_0051
folkloristics:story_type_death_of_the_tsaddik	folkloristics	story_type_death_of_the_tsaddik	18	5	times:death(18); social:inter_hasidic_master_disciple_relationship(8); supernatural:perception(7); characters-and-roles:the_family_of_the_tsaddik(6); ethics-and-emotions:sadness(6)	Khal-Hasidim_0079; Khal-Hasidim_0127; Khal-Hasidim_0128
folkloristics:story_type_protection	folkloristics	story_type_protection	18	5	practice:protection(18); social:relations_with_non_jews(13); practice:prayer(8); supernatural:prognostication(8); social:relations_with_the_authorities(7)	Khal-Hasidim_0028; Khal-Hasidim_0034; Khal-Hasidim_0040
practice:pilgrimage_to_the_graves_of_tsaddikim	practice	pilgrimage_to_the_graves_of_tsaddikim	18	6	practice:recitation_of_psalms(11); times:death(11); social:inter_hasidic_master_disciple_relationship(10); characters-and-roles:the_family_of_the_tsaddik(10); ethics-and-emotions:fear(9)	Adat-Zadikim_0008; Adat-Zadikim_0013; Khal-Hasidim_0002
characters-and-roles:ritual_slaughterer	characters-and-roles	ritual_slaughterer	17	5	practice:ritual_slaughtering(13); supernatural:perception(13); social:conflict(7); ethics-and-emotions:prohibitions(6); women:minor_character(5)	Adat-Zadikim_0010; Khal-Hasidim_0008; Khal-Hasidim_0014
experience:journey_to_heaven	experience	journey_to_heaven	17	5	spaces:heaven(12); supernatural:communicating_with_the_invisible(9); social:inter_hasidic_master_disciple_relationship(7); knowledge:esoteric(7); ethics-and-emotions:sadness(6)	Adat-Zadikim_0019; Khal-Hasidim_0008; Khal-Hasidim_0013
kabbalah:kabbalistic_terms_yihudim	kabbalah	kabbalistic_terms_yihudim	17	6	practice:meditation(17); social:inter_hasidic_master_disciple_relationship(6); knowledge:esoteric(6); supernatural:perception(6); supernatural:light_or_fire_as_a_sign_of_righteousness(6)	Adat-Zadikim_0019; Khal-Hasidim_0031; Khal-Hasidim_0116
not-a-hasidic-story:sermon	not-a-hasidic-story	sermon	17	4	practice:sermon(13); not-a-hasidic-story:virtues(3); ethics-and-emotions:repentance(3); practice:prayer(3); ethics-and-emotions:charity(2)	Khal-Hasidim_0228; Mifalot-HaZadikim_0031; Mifalot-HaZadikim_0032
social:inter_hasidic_inheritance_of_leadership	social	inter_hasidic_inheritance_of_leadership	17	5	times:death(15); social:inter_hasidic_master_disciple_relationship(14); supernatural:perception(10); social:inter_hasidic(9); practice:study(6)	Khal-Hasidim_0152; Khal-Hasidim_0164; Khal-Hasidim_0174
social:competition	social	competition	16	3	social:conflict(9); supernatural:perception(7); social:relations_with_non_jews(7); supernatural:magic(6); practice:healing(6)	Adat-Zadikim_0004; Adat-Zadikim_0022; Khal-Hasidim_0014
practice:use_of_holy_names	practice	use_of_holy_names	15	4	knowledge:esoteric(13); supernatural:magic(7); characters-and-roles:the_family_of_the_tsaddik(7); practice:healing(7); women:minor_character(6)	Adat-Zadikim_0003; Adat-Zadikim_0019; Khal-Hasidim_0008
characters-and-roles:elijah_the_prophet	characters-and-roles	elijah_the_prophet	14	5	experience:revelation(14); ethics-and-emotions:prohibitions(6); supernatural:perception(5); women:minor_character(5); characters-and-roles:the_family_of_the_tsaddik(5)	Adat-Zadikim_0011; Adat-Zadikim_0023; Khal-Hasidim_0019
ethics-and-emotions:pride	ethics-and-emotions	pride	14	6	ethics-and-emotions:humility(13); ethics-and-emotions:prohibitions(11); social:inter_hasidic_master_disciple_relationship(8); supernatural:prognostication(4); practice:study(4)	Adat-Zadikim_0012; Khal-Hasidim_0044; Khal-Hasidim_0104
practice:circumcision	practice	circumcision	14	5	social:inter_hasidic_master_disciple_relationship(6); supernatural:perception(6); ethics-and-emotions:anger(5); supernatural:magic(4); supernatural:miracle(4)	Adat-Zadikim_0004; Khal-Hasidim_0024; Khal-Hasidim_0119
characters-and-roles:preacher	characters-and-roles	preacher	13	4	supernatural:perception(9); practice:sermon(7); social:inter_hasidic_master_disciple_relationship(7); ethics-and-emotions:prohibitions(5); ethics-and-emotions:repentance(5)	Adat-Zadikim_0009; Khal-Hasidim_0032; Khal-Hasidim_0045
folkloristics:story_type_advent	folkloristics	story_type_advent	13	5	characters-and-roles:hidden_righteous(8); folkloristics:story_type_rapprochement(8); supernatural:perception(7); social:retrospective_recognition(7); social:inter_hasidic(7)	Khal-Hasidim_0004; Khal-Hasidim_0021; Khal-Hasidim_0086
practice:travel_to_other_tsaddik	practice	travel_to_other_tsaddik	13	4	practice:travel_to_the_tsaddik(12); social:inter_hasidic(12); social:inter_hasidic_master_disciple_relationship(11); ethics-and-emotions:prohibitions(6); social:inter_hasidic_conflict_between_tsaddikim(4)	Adat-Zadikim_0015; Khal-Hasidim_0171; Khal-Hasidim_0213
social:converts_and_conversion	social	converts_and_conversion	13	6	supernatural:perception(11); practice:storytelling(8); social:inter_hasidic_master_disciple_relationship(6); practice:protection(6); supernatural:communicating_with_the_invisible(6)	Adat-Zadikim_0008; Khal-Hasidim_0028; Khal-Hasidim_0036
supernatural:contraction_of_the_road	supernatural	contraction_of_the_road	13	5	supernatural:perception(7); supernatural:magic(6); ethics-and-emotions:repentance(5); supernatural:communicating_with_the_invisible(5); practice:pidyon_nefesh(5)	Adat-Zadikim_0004; Adat-Zadikim_0010; Khal-Hasidim_0003
practice:pidyon_shvuyim	practice	pidyon_shvuyim	12	5	supernatural:perception(8); social:inter_hasidic_master_disciple_relationship(7); characters-and-roles:angels(5); social:relations_with_non_jews(5); social:relations_with_the_authorities(4)	Adat-Zadikim_0006; Khal-Hasidim_0051; Khal-Hasidim_0075
social:relations_with_sinners	social	relations_with_sinners	12	4	ethics-and-emotions:repentance(8); supernatural:perception(8); social:inter_hasidic_master_disciple_relationship(6); women:minor_character(6); times:death(6)	Adat-Zadikim_0008; Khal-Hasidim_0002; Khal-Hasidim_0003
kabbalah:kabbalistic_terms_kavvanot	kabbalah	kabbalistic_terms_kavvanot	11	3	practice:meditation(11); knowledge:esoteric(7); practice:prayer(6); women:minor_character(5); times:death(5)	Khal-Hasidim_0002; Khal-Hasidim_0031; Khal-Hasidim_0041
ethics-and-emotions:awe	ethics-and-emotions	awe	10	3	ethics-and-emotions:fear(9); social:inter_hasidic_master_disciple_relationship(4); practice:circumcision(3); ethics-and-emotions:prohibitions(3); practice:drinking_alcohol(2)	Khal-Hasidim_0123; Khal-Hasidim_0142; Khal-Hasidim_0213
practice:coping_with_alien_thoughts	practice	coping_with_alien_thoughts	10	3	practice:prayer(7); supernatural:perception(6); social:inter_hasidic_master_disciple_relationship(6); social:relations_with_non_hasidim(4); practice:asceticism(3)	Khal-Hasidim_0026; Khal-Hasidim_0080; Khal-Hasidim_0118
practice:halakhah	practice	halakhah	10	4	ethics-and-emotions:prohibitions(8); supernatural:perception(7); social:marriage(3); spaces:heaven(3); ethics-and-emotions:joy(3)	Khal-Hasidim_0018; Khal-Hasidim_0085; Khal-Hasidim_0099
practice:sexual_abstinence	practice	sexual_abstinence	10	2	social:marital_relationship(10); women:mention_only(8); supernatural:perception(6); ethics-and-emotions:prohibitions(4); social:inter_hasidic_master_disciple_relationship(4)	Khal-Hasidim_0072; Khal-Hasidim_0105; Khal-Hasidim_0127
practice:business_advice	practice	business_advice	9	4	social:relations_with_non_jews(7); supernatural:prognostication(7); ethics-and-emotions:punishment(5); social:disobedience(5); social:relations_with_non_hasidim(4)	Khal-Hasidim_0102; Khal-Hasidim_0187; Khal-Hasidim_0217
practice:the_travels_of_the_tsaddik	practice	the_travels_of_the_tsaddik	9	3	supernatural:perception(4); social:inter_hasidic_master_disciple_relationship(4); supernatural:prognostication(3); practice:storytelling(3); ethics-and-emotions:charity(2)	Adat-Zadikim_0002; Khal-Hasidim_0030; Mifalot-HaZadikim_0001
spaces:hell	spaces	hell	9	2	supernatural:communicating_with_the_invisible(7); spaces:heaven(7); experience:dream(6); ethics-and-emotions:punishment(5); times:shabbat(5)	Khal-Hasidim_0035; Khal-Hasidim_0070; Khal-Hasidim_0082
practice:clothing	practice	clothing	8	5	social:inter_hasidic_master_disciple_relationship(7); supernatural:perception(7); practice:prayer(5); social:inter_hasidic(5); practice:study(4)	Adat-Zadikim_0012; Khal-Hasidim_0149; Khal-Hasidim_0185
practice:writing_amulets	practice	writing_amulets	8	4	supernatural:perception(5); supernatural:magic(5); women:minor_character(4); social:inter_hasidic_master_disciple_relationship(4); ethics-and-emotions:punishment(3)	Adat-Zadikim_0009; Khal-Hasidim_0010; Khal-Hasidim_0045
social:inter_hasidic_conflict_between_tsaddikim	social	inter_hasidic_conflict_between_tsaddikim	8	4	social:inter_hasidic(8); social:inter_hasidic_master_disciple_relationship(7); practice:travel_to_other_tsaddik(4); practice:tvilah(4); characters-and-roles:the_family_of_the_tsaddik(4)	Khal-Hasidim_0171; Khal-Hasidim_0186; Khal-Hasidim_0188
times:inauguration	times	inauguration	8	4	practice:study(8); supernatural:perception(6); characters-and-roles:the_family_of_the_tsaddik(6); social:inter_hasidic_master_disciple_relationship(4); ethics-and-emotions:joy(4)	Adat-Zadikim_0012; Khal-Hasidim_0001; Khal-Hasidim_0002
characters-and-roles:agunah	characters-and-roles	agunah	7	6	practice:releasing_agunot(6); supernatural:perception(5); women:catalyst_character(5); ethics-and-emotions:punishment(4); ethics-and-emotions:prohibitions(4)	Adat-Zadikim_0024; Khal-Hasidim_0210; Khal-Hasidim_0254
characters-and-roles:angel_of_death	characters-and-roles	angel_of_death	7	3	supernatural:communicating_with_the_invisible(5); supernatural:perception(3); practice:lifesaving(3); social:inter_hasidic_master_disciple_relationship(3); practice:prayer(3)	Khal-Hasidim_0011; Khal-Hasidim_0046; Mifalot-HaZadikim_0018
social:divorce	social	divorce	7	5	supernatural:perception(7); ethics-and-emotions:prohibitions(6); ethics-and-emotions:repentance(5); ethics-and-emotions:adultery(5); supernatural:magic(3)	Adat-Zadikim_0013; Khal-Hasidim_0144; Khal-Hasidim_0242
characters-and-roles:messiah	characters-and-roles	messiah	6	3	times:eschatology(6); experience:journey_to_heaven(3); ethics-and-emotions:sadness(3); supernatural:communicating_with_the_invisible(3); folkloristics:story_type_protection(2)	Adat-Zadikim_0019; Khal-Hasidim_0028; Khal-Hasidim_0153
ethics-and-emotions:resisting_temptation	ethics-and-emotions	resisting_temptation	6	4	ethics-and-emotions:prohibitions(6); ethics-and-emotions:lust(4); women:minor_character(3); practice:protection(3); practice:drinking_alcohol(2)	Khal-Hasidim_0170; Mifalot-HaZadikim_0018; Mifalot-HaZadikim_0028
experience:trembling	experience	trembling	6	3	practice:prayer(5); supernatural:communicating_with_the_invisible(4); times:holidays(3); practice:coping_with_alien_thoughts(2); supernatural:perception(2)	Khal-Hasidim_0026; Khal-Hasidim_0031; Shivhei-Habesht_0015
folkloristics:story_type_birth_of_the_tsaddik	folkloristics	story_type_birth_of_the_tsaddik	6	3	times:birth(6); characters-and-roles:the_family_of_the_tsaddik(6); supernatural:perception(6); times:shabbat(4); supernatural:prognostication(4)	Adat-Zadikim_0001; Khal-Hasidim_0001; Khal-Hasidim_0081
folkloristics:story_type_revelation	folkloristics	story_type_revelation	6	3	supernatural:miracle(6); ethics-and-emotions:prohibitions(6); practice:healing(4); supernatural:communicating_with_the_invisible(4); practice:protection(4)	Adat-Zadikim_0004; Khal-Hasidim_0009; Khal-Hasidim_0023
not-a-hasidic-story:virtues	not-a-hasidic-story	virtues	6	5	ethics-and-emotions:virtues(5); practice:study(3); social:marriage(3); experience:revelation(3); ethics-and-emotions:prohibitions(3)	Adat-Zadikim_0023; Khal-Hasidim_0228; Khal-Hasidim_0253
social:excommunication	social	excommunication	6	3	ethics-and-emotions:punishment(6); supernatural:communicating_with_the_invisible(4); social:conflict(4); practice:prayer(3); spaces:heaven(3)	Khal-Hasidim_0070; Khal-Hasidim_0137; Khal-Kdoshim_0010
spaces:beth_midrash	spaces	beth_midrash	6	3	social:inter_hasidic_master_disciple_relationship(5); practice:prayer(5); practice:tvilah(4); spaces:mikveh(4); times:death(3)	Khal-Hasidim_0064; Khal-Hasidim_0142; Mifalot-HaZadikim_0009
spaces:institutions_hassidic_court	spaces	institutions_hassidic_court	6	4	social:retrospective_recognition(3); ethics-and-emotions:prohibitions(3); social:inter_hasidic_master_disciple_relationship(3); characters-and-roles:the_family_of_the_tsaddik(3); practice:prayer(3)	Khal-Hasidim_0145; Khal-Hasidim_0169; Mifalot-HaZadikim_0009
times:eschatology	times	eschatology	6	3	characters-and-roles:messiah(6); experience:journey_to_heaven(3); ethics-and-emotions:sadness(3); supernatural:communicating_with_the_invisible(3); folkloristics:story_type_protection(2)	Adat-Zadikim_0019; Khal-Hasidim_0028; Khal-Hasidim_0153
characters-and-roles:magician	characters-and-roles	magician	5	3	supernatural:magic(5); social:competition(4); social:relations_with_non_jews(3); social:relations_with_the_authorities(3); ethics-and-emotions:repentance(2)	Adat-Zadikim_0004; Khal-Hasidim_0024; Khal-Hasidim_0077
practice:failure	practice	failure	5	2	practice:prayer(4); characters-and-roles:the_family_of_the_tsaddik(3); practice:redemption_of_captives(2); women:minor_character(2); supernatural:reincarnation(2)	Khal-Hasidim_0082; Shivhei-Habesht_0097; Shivhei-Habesht_0124
practice:torat_ha_tsaddik	practice	torat_ha_tsaddik	5	4	social:inter_hasidic_master_disciple_relationship(5); practice:travel_to_the_tsaddik(4); supernatural:perception(4); social:inter_hasidic(4); ethics-and-emotions:repentance(3)	Khal-Hasidim_0215; Mifalot-HaZadikim_0008; Mifalot-HaZadikim_0030
characters-and-roles:sabbatai_zevi	characters-and-roles	sabbatai_zevi	4	2	supernatural:communicating_with_the_invisible(4); women:mention_only(3); folkloristics:story_type_protection(2); times:historical_event(2); times:holidays(2)	Khal-Hasidim_0028; Khal-Hasidim_0035; Shivhei-Habesht_0017
knowledge:secret_texts	knowledge	secret_texts	4	2	social:marital_relationship(4); women:minor_character(4); characters-and-roles:hidden_righteous(4); characters-and-roles:the_family_of_the_tsaddik(4); practice:solitude(4)	Khal-Hasidim_0002; Khal-Hasidim_0004; Shivhei-Habesht_0002
practice:joke	practice	joke	4	2	women:mention_only(4); practice:drinking_alcohol(4); supernatural:perception(4); supernatural:prognostication(2); practice:prayer(2)	Khal-Hasidim_0053; Khal-Hasidim_0075; Shivhei-Habesht_0063
spaces:rabbinical_court	spaces	rabbinical_court	4	2	ethics-and-emotions:prohibitions(4); not-a-hasidic-story:hagiography(3); experience:dream(2); ethics-and-emotions:sadness(2); social:relations_with_non_jews(2)	Adat-Zadikim_0014; Peer-MiKdoshim_0004; Peer-MiKdoshim_0009
characters-and-roles:baal_shem	characters-and-roles	baal_shem	3	3	social:retrospective_recognition(3); knowledge:practical_kabbalah(3); knowledge:esoteric(3); experience:journey_to_heaven(2); social:disobedience(2)	Khal-Hasidim_0086; Mifalot-HaZadikim_0019; Shivhei-Habesht_0112
characters-and-roles:scribe	characters-and-roles	scribe	3	1	supernatural:magic(3); practice:use_of_holy_names(2); knowledge:esoteric(2); practice:healing(2); women:minor_character(2)	Shivhei-Habesht_0005A; Shivhei-Habesht_0005B; Shivhei-Habesht_0006
characters-and-roles:witch	characters-and-roles	witch	3	2	supernatural:magic(3); practice:protection(3); characters-and-roles:the_family_of_the_tsaddik(3); supernatural:communicating_with_the_invisible(3); characters-and-roles:demons(3)	Khal-Hasidim_0052; Shivhei-Habesht_0062; Shivhei-Habesht_0123
knowledge:practical_kabbalah	knowledge	practical_kabbalah	3	3	social:retrospective_recognition(3); knowledge:esoteric(3); characters-and-roles:baal_shem(3); experience:journey_to_heaven(2); social:disobedience(2)	Khal-Hasidim_0086; Mifalot-HaZadikim_0019; Shivhei-Habesht_0112
practice:redemption_of_captives	practice	redemption_of_captives	3	3	social:inter_hasidic_master_disciple_relationship(3); women:minor_character(2); supernatural:reincarnation(2); times:shabbat(2); practice:protection(2)	Khal-Hasidim_0082; Mifalot-HaZadikim_0022; Shivhei-Habesht_0097
characters-and-roles:tavern_keeper	characters-and-roles	tavern_keeper	2	1	social:marital_relationship(2); supernatural:magic(2); women:minor_character(2); ethics-and-emotions:punishment(2); characters-and-roles:the_family_of_the_tsaddik(2)	Shivhei-Habesht_0005B; Shivhei-Habesht_0010
folkloristics:story_type_inauguration	folkloristics	story_type_inauguration	2	2	social:marital_relationship(2); practice:pilgrimage_to_the_graves_of_tsaddikim(2); social:relations_with_the_authorities(2); supernatural:magic(2); supernatural:miracle(2)	Khal-Hasidim_0002; Shivhei-Habesht_0002
folkloristics:story_type_parable	folkloristics	story_type_parable	2	2	practice:study(2); social:relations_with_non_hasidim(2); experience:devekut(2); practice:storytelling(2); social:inter_hasidic_master_disciple_relationship(2)	Khal-Hasidim_0211; Maase-Zadikim_0008
practice:worship_through_corporeality	practice	worship_through_corporeality	2	2	kabbalah:kabbalistic_terms_yihudim(2); practice:meditation(2); women:minor_character(1); practice:tefillin(1); spaces:institutions_hassidic_court(1)	Mifalot-HaZadikim_0015; Shivhei-Habesht_0164
appearance:death_like	appearance	death_like	1	1	times:holidays(1); practice:coping_with_alien_thoughts(1); book:toldot_yaakov_yosef(1); supernatural:perception(1); practice:prayer(1)	Shivhei-Habesht_0015
appearance:shaking	appearance	shaking	1	1	times:holidays(1); practice:coping_with_alien_thoughts(1); appearance:death_like(1); book:toldot_yaakov_yosef(1); supernatural:perception(1)	Shivhei-Habesht_0015
assistant:scribe	assistant	scribe	1	1	characters-and-roles:scribe(1); experience:journey_to_heaven(1); supernatural:magic(1); characters-and-roles:ritual_slaughterer(1); practice:storytelling(1)	Shivhei-Habesht_0005A
beverage:alcohol	beverage	alcohol	1	1	women:minor_character(1); social:relations_with_the_authorities(1); practice:business_advice(1); social:disobedience(1); practice:smoking(1)	Shivhei-Habesht_0110
body:nails	body	nails	1	1	characters-and-roles:scribe(1); experience:journey_to_heaven(1); supernatural:magic(1); characters-and-roles:ritual_slaughterer(1); assistant:scribe(1)	Shivhei-Habesht_0005A
book:toldot_yaakov_yosef	book	toldot_yaakov_yosef	1	1	times:holidays(1); practice:coping_with_alien_thoughts(1); appearance:death_like(1); supernatural:perception(1); practice:prayer(1)	Shivhei-Habesht_0015
business:leasing	business	leasing	1	1	women:minor_character(1); social:relations_with_the_authorities(1); practice:business_advice(1); social:disobedience(1); practice:smoking(1)	Shivhei-Habesht_0110
characters-and-roles:melamed	characters-and-roles	melamed	1	1	social:marital_relationship(1); supernatural:magic(1); supernatural:miracle(1); practice:use_of_holy_names(1); women:minor_character(1)	Shivhei-Habesht_0005B
economy:currency	economy	currency	1	1	women:minor_character(1); social:relations_with_the_authorities(1); practice:business_advice(1); social:disobedience(1); practice:smoking(1)	Shivhei-Habesht_0110
esoteric-knowledge:divine_names	esoteric-knowledge	divine_names	1	1	social:marital_relationship(1); supernatural:magic(1); supernatural:miracle(1); characters-and-roles:melamed(1); practice:use_of_holy_names(1)	Shivhei-Habesht_0005B
esoteric-knowledge:prohibition	esoteric-knowledge	prohibition	1	1	social:marital_relationship(1); supernatural:magic(1); supernatural:miracle(1); characters-and-roles:melamed(1); practice:use_of_holy_names(1)	Shivhei-Habesht_0005B
experience:gilui_eliyahu	experience	gilui_eliyahu	1	1	social:marital_relationship(1); women:minor_character(1); supernatural:magic(1); ethics-and-emotions:punishment(1); experience:revelation(1)	Shivhei-Habesht_0010
folkloristics:story_type_ joke	folkloristics	story_type_ joke	1	1	ethics-and-emotions:fear(1); characters-and-roles:the_family_of_the_tsaddik(1); practice:failure(1)	Shivhei-Habesht_0124
not-a-hasidic-story:halakhah	not-a-hasidic-story	halakhah	1	1	supernatural:magic(1); experience:revelation(1); ethics-and-emotions:shame(1); ethics-and-emotions:virtues(1); practice:recitation_of_psalms(1)	Mifalot-HaZadikim_0006
possession:horse	possession	horse	1	1	supernatural:prognostication(1); folkloristics:story_type_prognostication(1); social:retrospective_recognition(1); property:horse(1)	Shivhei-Habesht_0011
practice:magic:make_it_rain	practice	magic:make_it_rain	1	1	social:marital_relationship(1); supernatural:magic(1); supernatural:miracle(1); characters-and-roles:melamed(1); practice:use_of_holy_names(1)	Shivhei-Habesht_0005B
practice:pidyon_haben	practice	pidyon_haben	1	1	women:mention_only(1); kabbalah:kabbalistic_terms_kavvanot(1); practice:worship_through_corporeality(1); kabbalah:kabbalistic_terms_yihudim(1); practice:meditation(1)	Shivhei-Habesht_0164
property:horse	property	horse	1	1	supernatural:prognostication(1); folkloristics:story_type_prognostication(1); social:retrospective_recognition(1); possession:horse(1)	Shivhei-Habesht_0011
ritual:debate	ritual	debate	1	1	social:marital_relationship(1); supernatural:miracle(1); experience:revelation(1); social:inter_hasidic_master_disciple_relationship(1); practice:clothing(1)	Shivhei-Habesht_0004
ritual:third_meal	ritual	third_meal	1	1	characters-and-roles:scribe(1); experience:journey_to_heaven(1); supernatural:magic(1); characters-and-roles:ritual_slaughterer(1); assistant:scribe(1)	Shivhei-Habesht_0005A
