kima_id	variant	source	via	occurrences	n_editions	editions	context
10462	האנוי	Hasidic Tales digital edition (hasidic-stories.org)	auto_UNVERIFIED	1	1	Shemen-Hatov	"…ו ק״ק קאבלענץ לרבם מו״ה זיסקינד גונדרש ז״ל שמת אח״כ בפ״פ. וכשבא פ״פ במצור שלחו מורי הגאון בעל הפלאה זצ""ל לק""ק האנוי כי למה יהי' אתם למשא כבד בעת צרתם והלא גם במקום שהוא שם יתפלל עליהם ויגן ויושיע בכל האפשר. ומה להם אם גם הוא …"
10521	פוזנן	Hasidic Tales digital edition (hasidic-stories.org)	auto_UNVERIFIED	1	1	Shemen-Hatov	"…א מגורשת והמוציא לעז ילכך בחרם ר״ת. ולעומתם הגאון מהר""ם ועמו הגאון מו״ה מרדכי יפה בלבושיו והג״מ בנימין בינוש מפוזנן בשו״ת שלו מסימן קכ״ב עד סי׳ קכ״ו הכריחוה להנשא לבעלה הראשון. מובן כי לא היה דעתו נוחה מהם. גם בענין שידוך נפל…"
10531	ואמר	Hasidic Tales digital edition (hasidic-stories.org)	auto_UNVERIFIED	1	1	Peulat-Hatzadikim	"…ל כל העריות כי הוא שקולה בעריות בדברי רז""ל הוא נחשב באלו קיים כל הל״ת של ט״ו עריות והוטבו הדברים בעיני הה״ק מ ואמר שפתח לו בזה שער גדול לעבודת השם: לובלין"
106	סאניק	Hasidic Tales digital edition (hasidic-stories.org)	auto_UNVERIFIED	1	1	Shemen-Hatov	"…. ויש בזה חלוקי דעות. י״א עד ה׳ דורות וי״א עד עשרה. וי״א עד דורי דורות ובדידי הוה עובדא שנחלתי אחר חתונתי בק' סאניק על רגלי השמאלית ונפלתי על ערש דוי ביסורים גדולים ומרים עד למאוד ר""ל והייתי מוכרח לשכב על צד אחד ולא הייתי רשא…"
10965	מאהלוב	Hasidic Tales digital edition (hasidic-stories.org)	auto_UNVERIFIED	2	2	Derech-Haemuna; Shemen-Hatov	"…יפר לי וכו׳ הרה״ג הישיש ר' אפרים יחיאל מיכל בק׳ נאמסק אשר הוא בעצמו ששמע מפי הצדיקת המפורסמת מרת מרים ז""ל מק' מאהלוב ברוסיא אחות האחים הקדושים מרן זקיני הרר״ש ומרן זקיני בעל הפלאה ומעשה שהיה כך הי' הרהצה""ק מ׳ יהושע העשיל מאפטא…"
11063	דינוב	Hasidic Tales digital edition (hasidic-stories.org)	auto_UNVERIFIED	1	1	Maasiot-veSihot-Zadikim	"מעשה שסיפר הרב הצדיק הקדוש ר׳ צבי אלימלך ז""ל מדינוב."
11264	חעלמא	Hasidic Tales digital edition (hasidic-stories.org)	auto_UNVERIFIED	3	2	Hitgalut-HaZadikim; Smichat-Moshe	חעלמא ושם נהג נשיאותו ברמה. עד שרבים מישראל נהרו אליו ליקח לקח מפיו הקדוש. ושמו היה יקר וקדוש בכל העולם :
11433	מקוה	Hasidic Tales digital edition (hasidic-stories.org)	auto_UNVERIFIED	1	1	Toldot-Haniflaot	… נכד בעל נודע ביהודה נכנס אליו בכל יום לבקרו, פ״א שאל אותו ואמר רבי יאמר נא כבודו האיך רשאי מר לכנוס בכל יום למקוה, כי ודאי הוא ממש פקוח נפש למר, ואמר לו מרן ז״ל הלא יודע כבודו שהיו נביאים בעולם, והנביא היה רשאי לעבור על ד״ת…
12025	הרר	Hasidic Tales digital edition (hasidic-stories.org)	auto_UNVERIFIED	1	1	Shemen-Hatov	"קכה) שמעתי מהג״מ ישראל איסר שפירא אבד״ק ממעזריטש אשר דרך זקיני הרר״מ הי׳ להשתדל מאוד בכל יום קודם אכילה בעמוד גמ״ח והי' לו גדר שלא לטעום מאומה טרם שיעשה גמ״ח והשי""ת רצון יראיו …"
12127	קאלביש	Hasidic Tales digital edition (hasidic-stories.org)	auto_UNVERIFIED	1	1	Adat-Zadikim	"… האלקי רשכב""ה ר׳ אברהם יהושוע העשיל מאפטא ז""ל בעת שבתו על כסא הרבנות ביאסע : הרב הנ""ל אחרי אשר עזב את הרבנות מקאלביש נתקבל לאב""ד במדינת וואלחיי בק""ק יאסי הבירה והי' מפורסם אצלם לגאון וגדול הדור בלימוד. אולם מאשר הי' צדיק גדול …"
12127	קאלביסאו	Hasidic Tales digital edition (hasidic-stories.org)	auto_UNVERIFIED	1	1	PeerMikdoshim	"…מזל ברוב צהלה ושמחה והצדיק הקדוש מאפטא זי""ע היה עוד בימי חרפו טרם נתפרסם צדקתו בעולם וישב לרב אב""ד בקהלה קטנה קאלביסאו. והשלישו הנדן תחת ידו ולאזניו גלה החסיד ר׳ ישעי′ את כל הנס הנחזה בחוש ואשר ע״כ לא אבה לנתק ההתקשרות הזה בחשבו…"
1265	הגאו	Hasidic Tales digital edition (hasidic-stories.org)	auto_UNVERIFIED	1	1	Maasiot-Pliot	"…רת אבם גדול זה. ונפלא מהם דבר המשפט. כי לא ידעו מה הוא ומה לדון ביה. ושלחה המלוכה יר״ה את המשפט לשאול באורים להגאו׳ הצדיק רבי משה סופר בעל חת""ם סופר מפרעשבורג ז""ל שהי׳ באותה מדינה לנס ולמופת ביניהם. שכפי אשר יורה האי גדול המ…"
127	לוצקא	Hasidic Tales digital edition (hasidic-stories.org)	auto_UNVERIFIED	1	1	Shemen-Hatov	"(ב) אשת הג״מ אשר אבד״ק נאראל חותנו של הג״מ אברהם אבד״ק לוצקא. אבי הג״מ אביגדור אבד״ק קאמינקא [חתן זקיני הגה""ק ר' משה צבי הירש מייזילש אבד״ק זאלקווי בע״ס חמדה גנוזה] אבי ה…"
12895	האמבטי	Hasidic Tales digital edition (hasidic-stories.org)	auto_UNVERIFIED	1	1	SipurimUmaamarimYekarim	"פ״א לעת זקנתו חלה הרה״ק ר׳ נחום הנ""ל. ויעשו לו בביתו אמבטי עם מים חמים לרחוץ בה. ובעת שהיה יושב בהאמבטי באה אשה אחת לחדר החיצון בבכיה רבה מאד. באשר שבעלה חלה חולי גדול ר""ל. וכששמע הרה״ק ר׳ נחום קול במיתה שאל את המ…"
12945	מינס	Hasidic Tales digital edition (hasidic-stories.org)	auto_UNVERIFIED	1	1	Shivhei-Harav	"…ב מת אשר עוד בחייו קרוי מת כמאמֿ׳ כמאמ' ) ז״ל ז״ל וגם את הרב הק' ר' מרדכי מלעחוויץ מסר אביגדור אצל הגובערנער במינס בעת אשר היה שם אז הר״מ הנ""ל וישלח הגו״ב אחריו ויבאוהו אליו ואביגדודאביגדור עמד שם להלשינו בפניו אבל הגו״ב היה…"
13127	גארוולין	Hasidic Tales digital edition (hasidic-stories.org)	auto_UNVERIFIED	1	1	Toldot-Haniflaot	"הה""צ ר׳ יעקב מנחם אבד״ק גארוולין,"
13312	ק׳ אפטא	Hasidic Tales digital edition (hasidic-stories.org)	auto_UNVERIFIED	1	1	Shemen-Hatov	…מאוד ושלחו לרוטשעוואהל עם מכתב שיכניסו בישיבה שלו עד שיסמכהו לרבי ויתן לו בגד משי שלו הלבן. וכן הוה. ומשם בא לק׳ אפטא והמשיך עדה. ומפני המחלוקת עקר משם לק׳ סאסוב :
13445	קנאאיז	Hasidic Tales digital edition (hasidic-stories.org)	auto_UNVERIFIED	1	1	Sefer-Moraim-Gdolim	"…יהודית וד׳ היה בעזרו כי הצלוח בכל אשר עשה ויהי היום וישמע שיש אשה אחת אשר המירה דתה זה כמה ואישה הוא שר הנקרא קנאאיז והמה ושבים בכפר ויבא הר׳ פנחס אל הכפר ויתאכסן אצל המוכסן ושאל את המוכסן אודת האשה הנ""ל כי הוא רוצה לפתותה לשו…"
13454	לייפנא	Hasidic Tales digital edition (hasidic-stories.org)	auto_UNVERIFIED	1	1	shivheiZadikim	"…יו מגודל פחד ורעדה לגשת אל הה״ק. והתמהמה שם. והנה הה״ק בא לו לקראתו פתאום בהרגישו ברוח קדשו בקודש פנימה שהרב מלייפנא הולך ובא אליו. ואחז לו להרב מלייפנא ז""ל הנ""ל בידו. ומשכו אליו הביתה ופייסו ואמר לו בדברים רכים הרב מלייפנא בו…"
13489	מנשה	Hasidic Tales digital edition (hasidic-stories.org)	auto_UNVERIFIED	1	1	Maasiot-veSihot-Zadikim	"…רא ישראל את בני יוסף ופירש״י ז""ל ביקש לברכם ונסתלקה שכינה ממנו לפי שעתיד ירבעם ואהאב לצאת מאפרים ויהוא ובניו ממנשה ואמר הצדיק הנ""ל אשר בתיבת בני מרומז כל זאת כי הראשיתיבות של בני הוא ירבעם בן נבט גם יהוא בן נמשי."
13567	סאבניק	Hasidic Tales digital edition (hasidic-stories.org)	auto_UNVERIFIED	1	1	Maim-Rabim	…ר אלימלך זצ״ל. והפליג בשבחו של הרה״ק ר׳ אהרן ואמר כי הי׳ אדם גדול מאוד עכ״ל. וכ״כ לי הה״צ ר׳ יעקב שליט״א מיצחקסאבניק. בהה״ק ר׳ נפתלי זצללה״ה מליזענסק :
13851	יאמפאלא	Hasidic Tales digital edition (hasidic-stories.org)	auto_UNVERIFIED	6	1	Maim-Rabim	"… ועד סופו, א״א קדוש, חוטר מגזע אבני שיש טהור מרנא ורבנא זצוקללה״ה מ״מ דק״ק יחיאל מיכלזליטשוב ושאר ק״ק. ומי״כ ביאמפאלא צדיק בן צי״מ א״א קדוש המפורסים בכל העולם המוכיח ר׳ יצחק זצוקללה״ה מ״מ דק""ק הארחוב ושם מנ״כ ודק״ק דראהביטש, בה…"
13851	יאמפאלע	Hasidic Tales digital edition (hasidic-stories.org)	auto_UNVERIFIED	1	1	Khal-Hasidim	"…זל טוב וכן היה שבא לביתו שני שעות קודם הלילה ועשה כמו שצוה אותו הבעש""ט וילדה זכר והילד הזה הוא הרה""ק ר׳ יוסף מיאמפאלע :"
13851	יאמפלא	Hasidic Tales digital edition (hasidic-stories.org)	auto_UNVERIFIED	1	1	Maim-Rabim	"…ל אמונה שביל ג'. וז""ל כמו שאירע לבן הקדוש של רבינו הקדוש המגיד מו״ה יחיאל מיכל זצללה״ה ושמו הה״צ מוהר״ר יוסף מיאמפלא זצלה״ה. פ״א אינגיד ואיתנח ועלה למעלה וטבלו אותו בנהר דינור. והמעשה ארוך ונפלא ופ""א חלה ונטה למות ואינגיד ואית…"
14064	קוצי	Hasidic Tales digital edition (hasidic-stories.org)	auto_UNVERIFIED	6	1	tmimei_derech	בשנת תתקל״ב לאלף החמישי היה בעיר קוצי איש תם וישר ר׳ אברהם שמו ולו שני בנים שם הא׳ ר׳ שמשון משכיל ונבון יושב אוהלים בין בעלי התוס׳ : המה בתורת ה' י…
14455	ברודא	Hasidic Tales digital edition (hasidic-stories.org)	auto_UNVERIFIED	1	1	Derech-Haemuna	"…ר מתגורר פה קהלתינו הקדושה עם אשתו ובני ביתו זה איזה שנים מזמן העבר אחר שריפת ק״ק פראג הוא היה אותו הפעם בק״ק ברודא למסור דברי אלהים חיים לאיזה יחידי סגולה וסוף טבת תנ""ו לפ""ק חזר מהור״ר הנ""ל לביתו לקהלתינו להקדים עצמו לדבר מצ…"
14510	לוברטוב	Hasidic Tales digital edition (hasidic-stories.org)	auto_UNVERIFIED	2	1	Shemen-Hatov	"יח) כתב אבי מורי הגאון שי׳ בהקדמתו לס׳ שירת ישראל אשר דו״ז הגה״ק מ׳ ארי׳ ליבש פרץ מלוברטוב הי' העוזר להגה״ק בעל קדושת לוי להתחבר עצמו לזקיני הגה""ק הרר״ש שהי' אז אבד״ק רוטשעוואהל אשר הי' הראשון להמשיך …"
1475	גליל	Hasidic Tales digital edition (hasidic-stories.org)	auto_UNVERIFIED	17	5	Dvarim-Yekarim; Hitgalut-HaZadikim; Maasiot-veSihot-Zadikim; MaasyiotMzadikeiYesodeiOlam; Shemen-Hatov	"… אדמו״ר הרה״צ הגדול גאון מפורסם פאר הדור צנא מלא ספרא מו״ה ברוך צבי הירש ראזענבלום זצלה""ה אב""ד דק""ק פעטרקוב והגליל יע""א."
15085	סעראצק	Hasidic Tales digital edition (hasidic-stories.org)	auto_UNVERIFIED	4	2	Derech-Haemuna; Shemen-Hatov	"…צמו לזקיני הגה""ק הרר״ש שהי' אז אבד״ק רוטשעוואהל אשר הי' הראשון להמשיך רבים אליו בפולין קטן עכ״ל. וש""ב הגאבד״ק סעראצק כ׳ וז״ל הג״מ קאפיל מיוזעפאן חתן הרה״ק ר׳ יוסילי יארטשובר מטאמשוב סיפר לי כי הגה״ק ר׳ לוי יצחק בעל קדושת לוי ב…"
15239	טשירנאביל	Hasidic Tales digital edition (hasidic-stories.org)	auto_UNVERIFIED	4	2	Buzina_Denehora; Likutim-Hadashim	"…מכתבים יקרים. המאירים כספירים. מהבעש״ט הק׳ מרבי ר׳ ברוך נ״ע מהגאון משפיטיפקע. מהה""ק מסיווראן . מהק׳ ר׳ מרדכי מטשירנאביל. בשנת תרמ""ד לפ""ק"
15239	מטשערנאביל	Hasidic Tales digital edition (hasidic-stories.org)	auto_UNVERIFIED	1	1	Dvarim-Yekarim	"…ל. הרהה״ק המגיד מקאזניץ זצ״ל הרהצה""ק המהר""ל מפראג זצ״ל הרהצה״ק ר׳ דוד מלעליוו זצ״ל. הרב הצדיק הקדוש ר׳ מאטילי מטשערנאביל זצ״ל. הרב הגה״ק מראזדל ז״ל. הרב הצה״ק ר׳ יהושיע העשיל מאפטא זצ״ל"
15239	טשארנאבל	Hasidic Tales digital edition (hasidic-stories.org)	auto_UNVERIFIED	1	1	Shemen-Hatov	…ל שבת אחד תשעה תלמידים מתלמידי מורי הקדושים הלא המה הרה״ק ר׳ שמואל שמעלקי ואחיו הרה״ק ר׳ פנחס והרה״ק ר׳ נחום מטשארנאבל והרה״ק ר׳ לוי יצחק מברדיטשוב אשר היה אז אבד״ק פינסק והרה״ק ר׳ זאב וואלף מזיטאמיר והאחים הק׳ ר׳ אלימלך ור' זוס…
15851	זסלב	Hasidic Tales digital edition (hasidic-stories.org)	auto_UNVERIFIED	1	1	Derech-Haemuna	…ב או ט״ו בשבט ואח״כ נסעו הר״י ע״כ בנ״י שלו הבחורים והנערים על היריד שהוא יומא דשוקא בקיץ היה נוסעין על הירדים זסלב ויעריסלאב. ובחורף על היריד לבוב ולובלין ושם היה רשות ביד הבחורים ונערים שילכו ללמוד באיזה ישיבה שירצו ללמוד ש…
16554	שעפס	Hasidic Tales digital edition (hasidic-stories.org)	auto_UNVERIFIED	3	1	shivheiZadikim	…זאב וואלף מזיטאמיר יג מהה״ק ר׳ יעי״צ הרבי מלובלין יד מהה״ק היהודי מפרשיסחא טו מהה״ק ר' מאיר הלוי הורוויץ הרב משעפס טז מהה״ק ר׳ דוד מלעלוב יז מהה״ק הרבי ר׳ שמואל מקארוב יח מהה״ק הרבי ר' אפרי' פישלע מסטריקאוו יט מהה״ק ר׳ שמואל…
1657	לעכוויץ	Hasidic Tales digital edition (hasidic-stories.org)	auto_UNVERIFIED	1	1	Shemen-Hatov	"…ו' גאוני בתראי (ד׳ טשערנאוויץ תר״כ) מזכיר להג״מ צבי הירש מוויטקוב שהי׳ כתלמיד חבר להגאון הפלאה ז""ל. ואח""ז בק' לעכוויץ. ובשנת תקב״ל לפ״ק נתקבל לק׳ פפדמיי״ן. ובעודנו באבו עוד בלעכוויץ כבר הי׳ מפורסם בעולם. וכסא הוראתו היתה מונחת …"
16625	מאורן	Hasidic Tales digital edition (hasidic-stories.org)	auto_UNVERIFIED	1	1	Maasiot-Pliot	"… עוף אחד ולמדו ג׳ חכמות. כ ברבינו הקדוש המקובל רבי יחיאל מצרפת, כא הגאון הצדיק ק׳ וט׳ רבי נפתלי מראפשיטץ. כב ממאורן של ישראל רבינו הבעש״ט. כג מרבינו מאור הגולה רש״י ז""ל. כד מרבינו מאור הגולה בעש״ט. זי""ע ועכ״י."
16699	קאוולר	Hasidic Tales digital edition (hasidic-stories.org)	auto_UNVERIFIED	1	1	Derech-Haemuna	ובס׳ ז״ט וז״ל סיפר מרן מנעסכיז שאחיו הרהצה״ק הקאוולר רב היה לו בקטנותו חולי קדחת ר״ל כמה שבועות ולא השגיח אביהם הג׳ מוהר״מ זצל״ה ע״ז ופ״א הפצירה אחותם צארטיל ע״ה …
1687	פינטשוב	Hasidic Tales digital edition (hasidic-stories.org)	auto_UNVERIFIED	3	3	Derech-Haemuna; Peulat-Hatzadikim; Shemen-Hatov	…אוה״ג מ׳ אברהם איטנגא מדוקלא אשר שמה של אשתו השניה היתה הרבנית מייטל [בת הג״מ אפרים זלמן ק״ב בהג״מ שאול אבד״ק פינטשוב בהג״מ משה ק״ב אבד״ק פעלמא בהג״מ מאיר וואהל אבד״ק בריסק בהר״ש וואהל] נפטרה בבראד כ״א אייר תקכ״ב אצל בנה ישעי׳ …
1687	פינטשוף	Hasidic Tales digital edition (hasidic-stories.org)	auto_UNVERIFIED	1	1	Derech-Haemuna	…תו מענין מ״ש והיה מתפלל בתוך סידור קטן במהירות וניתק מעט דעתו כידוע כ״ז וסיפר לי מו״ח ההצה״ק מה׳ אברהם מרדכי מפינטשוף שהמגיד הק׳ מקאזניץ תלמידו עזרו הרבה ואמר שבודאי לא היה מניחין אותו מן השמים ליפול ממדרגתו חלילה אלא שגם בשמים…
1687	מפינטשוב	Hasidic Tales digital edition (hasidic-stories.org)	auto_UNVERIFIED	1	1	Maim-Rabim	"א) הה""ק ר׳ אברהם יהושע העשיל ממעזבוז (ס׳ אוהב ישראל ורזין דאורייתא) ב) הה״ק ר׳ אברהם מדרכי מפינטשוב (היכל הברכה תנא) ג) הה""ק ר׳ אליעזר הלוי אבד״ק טארניגראד (נועם מגדים מצורע) ד) הה""ק ר׳ ארון ליב אבי הה״ק ר״מ מ…"
1703	זאלקוי	Hasidic Tales digital edition (hasidic-stories.org)	auto_UNVERIFIED	1	1	Khal-Hasidim	"…ף ז""ל נקל לו לומר עשרה חילוקים מלהתפלל ש״ע אחת ושמעתי מהרה""ק מ' זושא מאניפאלי כשנסע מאחיו הרה""ק ר׳ אלימלך דרך זאלקוי עמדתי בבהמ״ד במקום אחד להתפלל והי׳ התפלה זכה וברורה כערך תפלת הבעש""ט ולא ידעתי מאיזה סיבה ואמרו כי במקום הזה …"
1703	זאלקווי	Hasidic Tales digital edition (hasidic-stories.org)	auto_UNVERIFIED	1	1	Shemen-Hatov	(י) הג״מ יהושע הלוי אבד״ק יערוסלוב יש לו הסכמה בס׳ בית אברהם ונפטר בזאלקווי ה׳ טבת תקכ״ז. ונוסח מצבתו בס׳ קריה נשגבה אות ק״ו. בניו היו. א׳ הג״מ אברהם מקראקא. ב׳ הג״מ פנחס הלוי מקראקא הו…
17046	זמיגראד	Hasidic Tales digital edition (hasidic-stories.org)	auto_UNVERIFIED	2	2	Derech-Haemuna; Maim-Rabim	…נשמתו מרוב דביקות בוראו כי היה דרכו לילך אנה ואנה עד שפניו היה בוערות כמראה הלפידים ופ״א אמר הגה״ק מוה׳ יוסף מזמיגראד תלמידו אל אחיו הצדיק מורי וחמי מוהר״ר אברהם מרדכי ראה אחי האיך עקביים של רבינו הק׳ עומדין בג״ע העליון והיה צר…
1728	ראוונא	Hasidic Tales digital edition (hasidic-stories.org)	auto_UNVERIFIED	2	2	Maim-Rabim; Shemen-Hatov	"… וענותו תרבני ורחב לבבי בהעלותי על לבי חבה יתירה הנודעת לי ממר שהוא רבא דעמי׳ שי׳ מימי קדם בק""ק מיזעריטש וק״ק ראוונא ונמניתי במנין שלו וזכיתי לקבל ברכתו סלה מדי שבת"
17325	מעזיבוש	Hasidic Tales digital edition (hasidic-stories.org)	auto_UNVERIFIED	6	2	Seva-Ratzon; Shemen-Hatov	ברוך ממעזיבוש והתרעומת שנצמח שם בין הצה״ק זי״ע עיי״ש הסיבות באריכות אשר הה״ק ממעזיבוש אמר דברים קשים להרבי מלובלין. ושמעתי …
17325	מעזיבוזש	Hasidic Tales digital edition (hasidic-stories.org)	auto_UNVERIFIED	3	1	Likutim-Hadashim	שמעתי שהיה מתנגד אחד גדול בתורה בבריסק שנסע למעזיבוזש על חתונה והי׳ שם בשב״ק והתיישב שילך אל הרה״ק דשם וכשבא המתנגד הנ״ל כיבד אותו הרה״ק והתחיל לומר תורה וא׳ מדרש …
17325	ק׳ מעזיבוז	Hasidic Tales digital edition (hasidic-stories.org)	auto_UNVERIFIED	1	1	Buzina_Denehora	…ביגדר מק׳ ליטין שנסע הרב הק' ר׳ חיים טשערניוויצער מן וואליחיי מק' באטישאהן לק׳ מעזיביז. על קבר הבעש״ט. וכשבא לק׳ מעזיבוז. לא הי׳ הרב ר״ר ברוך בביתו. שיום אז קודם ביאת הרב ר׳ חיים נסע לק׳ טאלטשין. אך שאמרו להרב ר״ח שהרב הק׳ ר״ב ז״ל…
17477	קאלוב	Hasidic Tales digital edition (hasidic-stories.org)	auto_UNVERIFIED	1	1	Shemen-Hatov	"…הבימה ז' פעמים. כי כן מסורה מהנהגת זקנינו הרבי ר׳ מאירל מטיקטין בכל עש""ק. ואח״כ התחיל לזמר ניגון שלו של הה״ק מקאלוב (שבלשון לעז הנ""ל כלה וכו') שלום עליכם עד שבטלו כחותיו הגופניים בהתלהבות. כן הי׳ בכל שבת. אשרי עין ראתה כל אלה…"
1775	בעסר אביע	Hasidic Tales digital edition (hasidic-stories.org)	auto_UNVERIFIED	1	1	Maasiot-veSihot-Zadikim	…ו יוצא כל הדעות ע״כ הרבי ר' מאיריל בעת שהיה עוד רך בשנים ולא היה אז עוד מפורסם היה דרכו לנסוע לק׳ גאוויסעליץ בבעסר אביע וקצת אנשים היו מחזיקים אותו לאיש אלוקים ובעת ההוא יצא גזירה לבל ידו שום יהודי עשרה ווערסט סמוך להגרעניץ והלכו…
17796	רמה	Hasidic Tales digital edition (hasidic-stories.org)	auto_UNVERIFIED	2	2	Maim-Rabim; Shemen-Hatov	"…ה שלהם אלא ינוס למקום חיותא שלא יהי' הוא חבוש ומשם יזרח אורו לישרים וכו' עכ״ל. ועיין בספר חתן סופר בק׳ בניות ברמה (דף מ״ט ע״ב) שכ׳ ואני שמעתי בשם קדוש זקיני בעל ח״ס ז""ל מעשה שהי׳ כשצרו על עיר פרעשבורג במלחמת הצרפתים הלך קדו…"
17813	שארגראד	Hasidic Tales digital edition (hasidic-stories.org)	auto_UNVERIFIED	1	1	Maim-Rabim	(כה) לדידי הה״ג ר״ז העניך הנ״ל האבד״ק שארגראד. כ׳ לי העתק מצבתו וז״ל „פ״נ הארי שבח(בורה) בוצינא דנהורא. שר התורה הרב המאור הג'(דול) החריף מרנ(א) אברהם בן ה…
17845	דזיקוב	Hasidic Tales digital edition (hasidic-stories.org)	auto_UNVERIFIED	1	1	Shemen-Hatov	…בנו. ונתן לו דרשה גישאנק הס׳ לחם מן השמים להג׳ יעב״ץ. ואמר זה יהי' לך לחם מ״ה. זאת סיפר לי הג״מ מאיר הורוויץ מדזיקוב בשמחה שיש לו הספר זה עדיין ירושה מאבותיו. וכי אינו עשיר כמו
17893	חרן	Hasidic Tales digital edition (hasidic-stories.org)	auto_UNVERIFIED	3	1	Hitgalut-HaZadikim	"וימת הרח בחרן. נ""ל פירושו מחמת דהיה לתרח איתערותא טובה והיינו לילך לארץ כנען דהייא ארץ ישראל שנקרא ארץ החיים ועתה כשבא לחרן…"
179	לאדז	Hasidic Tales digital edition (hasidic-stories.org)	auto_UNVERIFIED	3	3	Shemen-Hatov; Tiferet-Hayyim; Toldot-Haniflaot	"ושמעתי מהר״ר אברהם בינש מלאדז ששמע מפ״ק הרה״ק מהר""י ז״ל מווארקי פ״א בתוך הסעודה הי׳ מוזגין לו כוס יין ביומא דפגר׳ וסיפר הרה״ק מווארקי שפ״א …"
18019	קאלעשין	Hasidic Tales digital edition (hasidic-stories.org)	auto_UNVERIFIED	0	0		
18044	"בעהע""ג"	Hasidic Tales digital edition (hasidic-stories.org)	auto_UNVERIFIED	1	1	Maasiot-veSihot-Zadikim	"…השיב לו עוד הלא אמרתי לך אשר דעתי שתיסע ללבוב ונסע לביתו דרך קאלימייע וראה עגלה אחת עומדת בשוק קאלימייע ושאל לבעהע""ג אנה אתם נוסעים השיב לו ללבוב ועלה בדעתו אפשר הוא מן השמים שיסע ללבוב והשווה א""ע עם הבעה״ג שיסע עמו ללבוב ובבו…"
18259	פשיסחא	Hasidic Tales digital edition (hasidic-stories.org)	auto_UNVERIFIED	4	1	Likutim-Hadashim	"שמעתי מעשה מהיהודי זצ""ל מפשיסחא שהיה אצל אבי זקני זצ״ל"
18259	פשיסחע	Hasidic Tales digital edition (hasidic-stories.org)	auto_UNVERIFIED	1	1	Shlosha-edrei-zon	"אח״ז בא הצדיק ר' משה לעליווער בנו דהרב ר׳ דוד וחתן מהר""י יצחק מפשיסחע הנק׳ יוד הק' וסיפרתי לו המעש׳ הזאת ואמר אני מכיר אותו היטיב כי יש לו כל המדריגות אשר הי' להרב הק' מ׳ יעקב יצח…"
18260	לעטיטשוב	Hasidic Tales digital edition (hasidic-stories.org)	auto_UNVERIFIED	1	1	Buzina_Denehora	"סיפר הר׳ ליב מלעטיטשוב. שהוא הי׳ מלמד אצל הרב הק' הר׳ משה חיים אפרים מסדילקיב נכד הבעש""ט בילדותו הי׳ יושב עם הבעש""ט אצל השלחן. פתאום…"
18293	לויצק	Hasidic Tales digital edition (hasidic-stories.org)	auto_UNVERIFIED	13	3	Khal-Hasidim; Sipurei-Kdoshim; Sipurei-Zadikim	"פעם אחת בא הר""ר ליב לעיר לויצק ובעיר הנ""ל היו לו מקורבים הרבה והכירו אותו בטוב והיה דרכו כאשר היה תמיד פורע חובות לזה ומלוה לזה. פעם אחת לוה…"
18497	גאסטינין	Hasidic Tales digital edition (hasidic-stories.org)	auto_UNVERIFIED	1	1	Shemen-Hatov	"…אים זל״ז. ועי׳ היין בא התקרבות ואחדות ע״כ סיפר הרר״י מווארקי זי״ע בשם הר״ם מטיקטין זי״ע וכעין זאת סיפר הרה״ק מגאסטינין בשם היהודי הק׳ זי״ע מובא בס׳ מרום הרי""ם (ד״ה ע״ב) עכ״ל:"
18531	מופת	Hasidic Tales digital edition (hasidic-stories.org)	auto_UNVERIFIED	1	1	Maasiot-Pliot	"…מלוכה יר״ה את המשפט לשאול באורים להגאו׳ הצדיק רבי משה סופר בעל חת""ם סופר מפרעשבורג ז""ל שהי׳ באותה מדינה לנס ולמופת ביניהם. שכפי אשר יורה האי גדול המדינה כן יקום. ויהי בעבור חצי שנה הי' בלילה אחת ניעור הח״ס כל הלילה בנדון השו…"
18711	מאגלניצא	Hasidic Tales digital edition (hasidic-stories.org)	auto_UNVERIFIED	38	3	Hitgalut-HaZadikim; Tiferet-Hayyim; Toldot-Haniflaot	"סיפר הה״ג החסיד ר׳ יעקב יצחק ז""ל האבד״ק סאבין בן הרה״ק המפורסם משה סטעניצר מזעליחאוו זצוק""ל אשר פעם אחת היה במאגלניצא בחג הסוכות. והיה דרך האנשים אשר שמותם כשמות האושפיזין להעמיד יין ביום אושפיזו. והוא לא העמיד יין באושפיזא דיצ…"
18711	מאגליניצא	Hasidic Tales digital edition (hasidic-stories.org)	auto_UNVERIFIED	13	3	Maim-Rabim; Tiferet-Hayyim; Toldot-Haniflaot	…נדפס ממנו כעת בחמעלניקווארשא בשם ...אור לצדיק ס׳ יקר עה״ת יום הילולא שלו כ״ו אדר. ג) הה״ק ר׳ יעקב זצ״ל האבד״ק מאגליניצא. נדפס ממנו ספר אורח לצדיק יום הילולא שלו כ׳ ניסן ומנ״כ שם :
18711	מגלניצא	Hasidic Tales digital edition (hasidic-stories.org)	auto_UNVERIFIED	2	2	Hitgalut-HaZadikim; Tiferet-Hayyim	…רה״ק ר״ר העניך מאלכסנדר ח) הרה״ק ר״ר זישא מהאנפאלע ט) הרה״ק ר׳ זאב בעל אור המאיר י) הרה״ק ר׳ חיים מאיר יחיאל ממגלניצא יא) רבינו ר׳ ישראל בעש״ט יב) הרב הקדוש ר״ר יחיאל מיכל מזלאטשוב יג) הרה״ק ר׳ ישראל המגיד מקאזניץ יד) הרה״ק ר׳ …
18711	מאגלניצע	Hasidic Tales digital edition (hasidic-stories.org)	auto_UNVERIFIED	1	1	Hitgalut-HaZadikim	"סיפר הרב הגאון הקדוש מופה""ד מרן ר׳ חיים מאיר יחיאל זצוקללה""ה הרבי ממאגלניצע"
18727	בעלזא	Hasidic Tales digital edition (hasidic-stories.org)	auto_UNVERIFIED	1	1	Toldot-Haniflaot	"מ״מ דק""ק קאזעניץ שסיפר לו הרב הצדיק מו״ה הר״ש בק״ק בעלזא בעיר אחת היה רופא אחד ישראל ולא הלך בדרך הישר והיה רשע גמור גם את בנו הדריך אותו בדרך הזה והיה ג״כ רשע גמור כ…"
188	מאסקיוויא	Hasidic Tales digital edition (hasidic-stories.org)	auto_UNVERIFIED	1	1	Sipurei-Kdoshim	…ן בידי אף שוה פרוטה אשתי מבני וכל הוני נשרפו באש אנא הושיעה כי באו מים עד נפש ויתפלא הרב מאד ויאמר לו לך לעיר מאסקיוויא ושם יש אשה אחת גבירה בשמה תאמר לה בשמי כי אנכי צויתי שתיקח אותך ובודאי תיקח אותך וטוב לך עמה לך עמה אל תעמוד …
19185	ליטאמארסק	Hasidic Tales digital edition (hasidic-stories.org)	auto_UNVERIFIED	1	1	Shemen-Hatov	…בסו״ס נועם אלימלך. והובא בס׳ שפתי צדיקים פ׳ צו (הובא לקמן אות קי״ט). טו) הגה״ק מ׳ נתן נטע בהחריר אבד״ק שטרים. ליטאמארסק. אחיו של רז״מ הנ״ל בן אחותו של הרר״ש. טז) הרה״ג הצ׳ ר׳ יוזפא הנקרא דער גרוסער ר׳ יוזפ מקאזמיר (הוא זקיני חותן…
19201	חורב	Hasidic Tales digital edition (hasidic-stories.org)	auto_UNVERIFIED	1	1	Hitgalut-HaZadikim	…של יעקב הוא בתי כנסיות ובתי מדרשות כל מקום שהשכינה מצויה שם אור תחת השמים במקום הצנע כמו שאמר ביתי ביום אכלני חורב וגו׳. ותדע דהרי ויפגע במקום היה עיר לוז ואעפ״כ לא רצה ליכנס בא' מן הבתים לשכב שם רק בחוץ במקום הצנע מבני אדם …
19255	הארחוב	Hasidic Tales digital edition (hasidic-stories.org)	auto_UNVERIFIED	2	2	Maim-Rabim; Peulat-Hatzadikim	"(ה) ההה״ק המוכיח הגדול המפורסם בישראל הצדיק א״א רבינו יצחק מ״מ דק״ק דראביטש ומנ""כ בהארחוב :"
19671	אמדור	Hasidic Tales digital edition (hasidic-stories.org)	auto_UNVERIFIED	1	1	Derech-Haemuna	…ה ופחד השי״ת בודאי הוא טהור כי הוא מדריגה גדולה לא יזכה בזה אלא מופלג בקדושה ובטהרה כמו שהיה לר׳ חיים חייקיל מאמדור והיה עוסק בתעניות וסיגופים כ״פ משבת לשבת והיה נעור אלף לילות לעסוק בתורה :
19927	סעמניטץ	Hasidic Tales digital edition (hasidic-stories.org)	auto_UNVERIFIED	1	1	Shemen-Hatov	… יצאו לקראתו אבל נתאחר המכתב על הדרך הרבה. ובא מאוחר. ומזה ראה כי מן השמים עכבוהו שישאר פה וישב איזה זמן בעיר סעמניטץ במדינת אונגאריין סמוך לגבול מעהרין כי שם הי' החתונה ושם לא היתה פקודת הממשלה הזאת וכו׳ וכו׳ ע״ש.
1996	פואמארין	Hasidic Tales digital edition (hasidic-stories.org)	auto_UNVERIFIED	1	1	Maasiot-veSihot-Zadikim	מעשה מהצדיק הגאון ר׳ דוד מפואמארין שהיה רב בק' זאלינע
19979	יעמניץ	Hasidic Tales digital edition (hasidic-stories.org)	auto_UNVERIFIED	5	2	Shemen-Hatov; Smichat-Moshe	…מש עד מבואו. ובאורם נראה לנו אור. ומגדולי תלמידיו ה״ה. א) בנו הוא זקיני הגה״ק מ׳ צבי יהושע הלוי הורוויץ אבד״ק יעמניץ. טרייביטש. פרוסניץ. טארני. בע״ס סמיכת משה וחי׳ הריב״ש. ב) הגה״ק מ׳ משה ליב מסאסוב (שה״ג הח' מ״ש אות ע״ג. ובסה…
19986	טארניגראד	Hasidic Tales digital edition (hasidic-stories.org)	auto_UNVERIFIED	2	2	Maim-Rabim; Shemen-Hatov	"ד) זקני ההפלאה הנ""ל הי' חתן הג״ר יואל היילפרין מלעשנוב בן הג״ר ישראל אבד״ק זאסלב בן הג״ר אליעזר ליפמאן אבד״ק טארניגראד, בן הג״ר יצחק אייזק היילפרין אבד״ק טיקטין הנזכר לקמן בשמן הטוב : והג״ר אליעזר ליפמאן מט״ג הנ""ל הי׳ חתן הג״ר י…"
20102	הית	Hasidic Tales digital edition (hasidic-stories.org)	auto_UNVERIFIED	1	1	Shlosha-edrei-zon	"…והרב הנ""ל הלך מיד על השוק ויאסף כמה אנשים ויספר מן המכתב ויתלוצצו כלם. בגלייוויטץ שם נוצקי קרירות ברזל וקראקא הית׳ אז עיר חפשית שיכול להוביל כל הסחורות שמה וכן לקרשאנוב והי׳ יושב שמה משולח נאמן מכל הסוחרים אשר משלח לכל א' כ…"
20348	סאבין	Hasidic Tales digital edition (hasidic-stories.org)	auto_UNVERIFIED	1	1	Toldot-Haniflaot	מד וגם נודע המעשה מהנטבעים בווייסיל קודם ר״ה במעבר הספינה סמוך לסאבין, אשר העמיסו הרבה את הספינה
20400	פרייקין	Hasidic Tales digital edition (hasidic-stories.org)	auto_UNVERIFIED	1	1	shivheiZadikim	"…אר ריקם וערום מכל. וסיפר הגר""א ז""ל עצמו לפני הגאון מ׳ שאול ז""ל ק""ב מווילנא. את אשר קרהו בעת שהלך בגולה במדינת פרייקין כי בא ביום תענית אסתר במקום שהיה רחוק מהעיר, ולא היה יכול לילך רגלי משם להעיר לשמוע קריאת המגילה. ולא היה נמצ…"
20536	פניאל	Hasidic Tales digital edition (hasidic-stories.org)	auto_UNVERIFIED	1	1	Seva-Ratzon	… הקדושה כלל רק שהמקום גורם לבן ויקרא שם המקום דייקא אולם הקב״ה ידע שהקדושה מצחו לא מבח המקום ע״כ להלן כתיב רק פניאל לבד כמו כן ר' בעריש כ״ז שהי׳ כאן הי׳ שורה הקדושה בשבילו לא מצד המקום ודבריו הקדושים היו עמוקים ולא הי׳ יכול ל…
20961	רומנוב	Hasidic Tales digital edition (hasidic-stories.org)	auto_UNVERIFIED	2	1	SipureiAnsheiShem	מעשה מהרב הקדוש מופת הדור הכהן הגדול מו״ה רבי צבי הירש הכהן מרומנוב זי״ע תלמידו של הגאון הקדוש והנורא רבי ר' מנחם מענדלי מרימנוב.
20961	רומאנוב	Hasidic Tales digital edition (hasidic-stories.org)	auto_UNVERIFIED	2	1	Seva-Ratzon	… לא אוכל לישב רק לבדי בתוך כך אמר כשגליתי טעמי אז אוכל לישב אצלו וישב על הכסא אז שאל אותו הרב ר׳ אביש אם הי׳ ברומאנוב או בלובלין הש״ב לא יספר לו ויאמר רבי שלי הי' הרב מקשאנוב וכשמעו זאת אמר אם הי׳ למעלתו רב גדול כזה שוב לא צריך…
21111	גלוגא	Hasidic Tales digital edition (hasidic-stories.org)	auto_UNVERIFIED	4	1	Shemen-Hatov	נתקבל לפה הרב המאוה״ג מו״ה משה בהרב הגאון מו״ה שלמה דוב שהי׳ אבד״ק גלוגא רבתי ונתבקש ביש״מ בשנת תקס״ט לפ״ק. כ״ז ועתק אות באות מפנקס הקהל הישן דפה :
21192	בית דוד	Hasidic Tales digital edition (hasidic-stories.org)	auto_UNVERIFIED	2	2	SipureiAnsheiShem; SipurimUmaamarimYekarim	"…יקין נשמות ט) מהגה""ק רבי מרדכי מטשערנאביל ע""ד לקיחת פדיון גדול. י) משלמה המלך ע""ה שנשא בת מלך עמון ויצא מלכות בית דוד יא) מדוד המלך ע""ה בשבת שפ""ה. יב) מהבעש״ט ע""ד התיקון נשמה שהיה בעל חוב. יג) מהגה""ק ר׳ ארי׳ ליבוש אבד""ק ווישניצ…"
21194	בית יעקב	Hasidic Tales digital edition (hasidic-stories.org)	auto_UNVERIFIED	1	1	Maasiot-veSihot-Zadikim	"…לו אמר לו הרב כשאמרתי לך שאתה חשוב לא הרע בעיניך כלל הלא מצינו בקבלת התורה שאמר הקב״ה למשה רבינו ע״ה כה תאמר לבית יעקב ותגיד לבני ישראל אתם ראיתם וכו׳ אלה הדברים אשר תדבר אל בני ישראל ופירש״י ז""ל אלה הדברים לא פחות ולא יותר וקשה…"
2139	פאסאליס	Hasidic Tales digital edition (hasidic-stories.org)	auto_UNVERIFIED	1	1	Hitgalut-HaZadikim	…ו תראו להתפלל בכל יום תפלה בזמנה ואל תאחרו אותה. ואספר לכם מעשה מאיש אחד אשר בישלה לו אשתו בכל יום בבוקר מאכל פאסאליס (הוא מיין קטניות) וכן היה מתנהג הענין זמן רב. פעם אחת איחרה אשתו מלבשל בבוקר והתמהמה איזה שעות עד שנגמר התבשי…
21604	האמלע	Hasidic Tales digital edition (hasidic-stories.org)	auto_UNVERIFIED	1	1	Derech-Haemuna	ז) ונקדים מה ששמעתי בשם הק׳ ר׳ נחום מ ז״ל אשר באו אליו אנשים טשארנאבילהמקושרים אליו מהאמלע והלכו אליו ברגליהם וקרא אליהם המקרא מה יפו פעמיך בנעלים פי׳ בעת שהיה בהמ״ק קיים היה כונת המקרא על ההולכים לרג…
21741	אונגידי	Hasidic Tales digital edition (hasidic-stories.org)	auto_UNVERIFIED	1	1	Maasiot-veSihot-Zadikim	"…ימינאב סיפר לו המעשה הזאת הנה הרב הצדיק הקדוש ר' מענדלי ז""ל מרימינאב נסע פעם אחת למרחץ דם לעיר גרוים ווערדאן באונגידי' ושכרו שם עבורו בית עם גן נאה ואע""פ שהיו במקום רחוק עם כל זאת החסידים שלו נסעו אליו לשם. ואצל אכסניא שלו היה …"
21831	לאדי	Hasidic Tales digital edition (hasidic-stories.org)	auto_UNVERIFIED	11	4	Khal-Hasidim; Shivhei-Harav; Sipurei-Zadikim; Toldot-Haniflaot	"…תו אביגדור הנ""ל כאשר כתבנו למעלה ויאמר לו העברי כן מכיר אני אותו שהוא איש ישר ויוסף הקיסר לשאול אותו ואת הרב מלאדי אתה מכיר ויען לו האיש לא הכרתיו עד כה אבל תמול שלשום שמעתי כי בא לכאן והלכתי לראותו ולא התבונן האיש לפני מי ה…"
21859	עריש	Hasidic Tales digital edition (hasidic-stories.org)	auto_UNVERIFIED	1	1	Shemen-Hatov	"…זע מהר""ם פאדבה ושו״ת מהר""י מינץ ז״ל : הג״ר ישראל מזאסלב הנ״ל הי' חתן הג״ר יצחק באבד אבד״ק בראד בן הג״ר יששכר בעריש פרנס הכולל דד״א מקראקא בן הרבי ר' העשיל אבד״ק קראקא בן הג""ר יעקב אבד״ק לובלין חתן הג״ר שמואל אורי שרגא ווייל …"
2192	פאלעסי	Hasidic Tales digital edition (hasidic-stories.org)	auto_UNVERIFIED	1	1	Shivhei-Habesht	"…ושאלתי להיכן תקרא אותו ואמר לו לבהמ""ד שלך ושלח אחריו משרת שלי הנקרא ר׳ פילט ור' פילט הנ' הי' בעת ההיא במדינות פאלעסי' רחוק מהאניפאלי ערך ששים פרסאות ובא לבית הנגיד והכה בדלת ואמ׳ פתחו לי והכיר אותו הנגיד הנ""ל בקולו ותמה ע""ז וא…"
22019	עמון	Hasidic Tales digital edition (hasidic-stories.org)	auto_UNVERIFIED	2	1	SipureiAnsheiShem	… ושלח את המלצר מלפניו ושם אותו במקומו לבשל לו בל מאכליו : ויהי אחר הדברים האלה ראתה אותו את המלצר החדש בת מלך עמון ושמה נעמה ואמרה לאמה שרצונה לקחה את האיש הזה המלצר לבעל ואמה גערה בה ואמרה לה יש במלכות אביך שרים רבים ונכבדי…
223	מעזעריטש	Hasidic Tales digital edition (hasidic-stories.org)	auto_UNVERIFIED	11	1	Shemen-Hatov	"… ובטהרה בעוד שישב על הכסא נבג""מ ע״כ. וש""ב הג״מ יוסף שי' אבד״ק סעראצק כ׳ וז״ל הרר״ש מנ""ש אמר עליו המגיד הקדוש ממעזעריטש. כי אילו הי׳ שמו שמואל לבד. הי' גדול כשמואל הרמתי. וע״י כינוי שמעלקא הקטינוהו מערכו. ושמעתי ממח״ו הר״ר יעקב מ…"
223	דמעזעריטש	Hasidic Tales digital edition (hasidic-stories.org)	auto_UNVERIFIED	1	1	Shemen-Hatov	…ר כי אחיו הרר״פ הגון יותר לרבנות דפפד״מ. ואחיו תלה הגדולה באחיו הגדול ממנו הרר״ש. והסכימו ביניהם לנסוע להמגיד דמעזעריטש וכאשר יפרדו ממנו ישאלו את עצתו הק׳ מי יקבל ע״ע רבנות פפד״מ. ומי יקבל ע״ע נ״ש. וכאשר יגזור אומר כן יעשו. ועוד …
22491	לעחוויץ	Hasidic Tales digital edition (hasidic-stories.org)	auto_UNVERIFIED	4	2	Khal-Hasidim; Shivhei-Harav	"…את הסולטאן ועוד דברים רבים כהנה אשר תקצר היריעה מהכיל אותם והשני הי׳ הרב מבארדיטשוב והשלישי הרב הק' ר' מרדכי מלעחוויץ והרביעי הרה""ק ר' אשר מסטאלין ועליהם אמר כי הם חתומים והעוזרים להרב בכל מושבותיהם ודורשים ברבים לחדש המנהגים נ…"
22679	האראדק	Hasidic Tales digital edition (hasidic-stories.org)	auto_UNVERIFIED	1	1	Shivhei-Harav	…צה לקבל על עצמו ההנהגה בסדרי נשיאות כל זמן שהיה מבהיק אורו של הרב הקדוש ר׳ מנחם מענדיל מויטעפסק אשר תקע אהלו בהאראדק ואף שנהרו אליו מכל פינות לשמוע חכמתו והיה מוסמך מרבו הקדוש כאשר יבואר מה גם אחרי נסיעת הרה״ק רמ״מ לאה״ק גם הר…
22875	שבא	Hasidic Tales digital edition (hasidic-stories.org)	auto_UNVERIFIED	1	1	Maim-Rabim	"… למעלה עד יום הראשון לבקר ובעת שהי' עומד לפני הב""ד שלמעלה שמע כרוז שילכו הצדיקים לקבל פני הרב הק׳ רבי מיכל מ. שבא זלאטשובלכאן והלכו ובתוכם הלך מרן הק׳ נר ישראל רוח אפינו הרב ישראל בן אליעזר. רבו וראה אותו עומד לפני הב""ד. וא…"
23009	מאור	Hasidic Tales digital edition (hasidic-stories.org)	auto_UNVERIFIED	1	1	SipurimUmaamarimYekarim	"שמעתי כי בעת שהדפיסו הספר הקדוש מאור עינים מהרה״ק ר׳ נחום הנ""ל בפעם ראשון נסע אז איש אחד ממדינתנו לארץ הקדושה לקבוע דירתו בא״י ולקח עמו הס׳ מאור ע…"
23017	מיצר	Hasidic Tales digital edition (hasidic-stories.org)	auto_UNVERIFIED	1	1	Dvarim-Yekarim	"…״ת מה אועיל ר""ל שאעשה לפרעה לבעל תשובה ומה הנאה יהי׳ לך מזה לז""א והוצא את עמי ממצרים זאת תועיל שתוציא את עמי ממיצר הים והבן :"
23166	טאסט	Hasidic Tales digital edition (hasidic-stories.org)	auto_UNVERIFIED	3	2	Shemen-Hatov; Shivhei-Habesht	…וש הר׳ ישראל בעש״ט זצ״ל התחיל להתנוצץ ולהתפרסם בעולם ברוב אותותיו ומופתיו שעשה. אז הי׳ מקום דירתו ומושבו בעיר טאסט שקורין טלוסט. הסמוכה לעיר טשארטקוב. וזה הי׳ בעת היות זקיננו הק׳ הרצ״ה אב״ד בטשארטקוב והגליל. ובמדינת קיר״ה נק…
23171	ווערחאווקע	Hasidic Tales digital edition (hasidic-stories.org)	auto_UNVERIFIED	2	2	Khal-Hasidim; Shivhei-Habesht	"… אני בשבילך טוב שיהי' לך ב״ז וכן היה כל הסחורה שקנה הפסיד בה עד שהפסיד כל מעותיו ונתקבל אח״כ למגיד משרים בק""ק וויערחאווע ואני כאשר הכרתי אותו כשהיה שכיח אצל הרב דק""ק קאסיבע היה בעת ההוא מ״ץ דק""ק סאגראן סאבראן :"
2334	אור	Hasidic Tales digital edition (hasidic-stories.org)	auto_UNVERIFIED	2	2	Maasiot-Pliot; Shlosha-edrei-zon	"ה. מעשה נוראה מהגאון מאור הגולה צדיק הדור החסיד מרן מררכי בנעט זי""ע אב״ד מניקלשפורג. אשר סיפר הרב הגאון הצדיק מקראקא מו״ה שמעון סופר אש…"
23506	סאדיגארי	Hasidic Tales digital edition (hasidic-stories.org)	auto_UNVERIFIED	2	1	Buzina_Denehora	"…אירה. איש אלקים מופת הדור והדרו. אור ישראל וקדושו הספורסם בכל קצוי ארץ. ע״ה פ""ה כקש״ת מו""ה אברהם יעקב שליט״א מסאדיגארי כאשר המוכ״ז המופל״א הר׳ נחמן נ""י מק' באר הראה לעיני טוהר כבוד קודש אדמו״ר שליט״א כתבי קודש מהרב הק׳ איש אלקים…"
23506	סאדיגורא	Hasidic Tales digital edition (hasidic-stories.org)	auto_UNVERIFIED	2	1	Maim-Rabim	…״ק ר׳ אהרן מקארלין זצללה״ה בעהמ״ס בית אהרן. והה״ק ר׳ אהרן הנ״ל הי׳ חותנו של הצה״ק ר׳ אברהם יעקב זצללה״ה זי״ע מסאדיגורא. הילולא של המגיד הק׳ מסטעפין ר׳ דוד הלוי י״א זי״ע : תשרי
23506	סאדיגערא	Hasidic Tales digital edition (hasidic-stories.org)	auto_UNVERIFIED	1	1	Peulat-Hatzadikim	"…נען מיר נאר אז איין יוד קאן דיינען להשי""ת נאר מתוך הרחבה גדולה. כן הי׳ אומר בעיר קאמיניץ בימי החול ובש״ק בעיר סאדיגערא הוסיף והביא המקרא לבן קרא לו יגר סהדותא לשון יגר בחינת יראה וצמצום אבל יעקב קרא לו גלעד הוא לשון גילה :"
23506	סאדאגערא	Hasidic Tales digital edition (hasidic-stories.org)	auto_UNVERIFIED	1	1	Tiferet-Hayyim	הרה״ח הנ״ל ה׳ בסאדאגערא לפני הרה״ק מרוזין וספר לו המעשה הנ״ל הוא ועוד אחד שהי' אז בקאזניטץ וכהתימו לספר אמר הרה״ק מרוזין אני מאמין בא…
23561	טארטשין	Hasidic Tales digital edition (hasidic-stories.org)	auto_UNVERIFIED	2	1	Khal-Hasidim	"…רב המגיד הגדול להבעש""ט המגיד צם ז׳ או ח' פעמים משבת לשבת רצופים וחלה מאוד פ""א בא הרה""ק ר׳ מענדיל מק""ק באר לק' טארטשין ונתאכסן אצל הפ""ח והמגיד הי' דר בבית קטן סמוך להפ""ח הנקר' אונטר שטיביל ונכנס ר׳ מענדל לפרוזדר להבע""ב שלו ושמע …"
23709	לאדיזין	Hasidic Tales digital edition (hasidic-stories.org)	auto_UNVERIFIED	1	1	Khal-Hasidim	"…ה המחשבה בב""א ומצער אותו וליוו אותו כל אנשי העיר ואני הייתי ג""כ בתוכם וגם הרב המוכיח ורצה המוכיח לנסוע עד עיר לאדיזין ללות ללוות אותו אך מחמת שהקפיד המוכיח איך הוא הדרך ארץ לעזוב אותו ולא נסע והתפללו מנחה בשדה והרב הניח תפילין …"
23797	זלאזיץ	Hasidic Tales digital edition (hasidic-stories.org)	auto_UNVERIFIED	3	2	Maim-Rabim; Shemen-Hatov	"…ג. ו) הג""מ אברהם לעווענשטאם אבד״ק עמדין בע״ס צרור החיים עיין לעיל אות ע״ז. ז) נכדו הג״מ יעקב יהושע הלוי אבד״ק זלאזיץ עיין לעיל אות פ״ו :"
24741	גלילות	Hasidic Tales digital edition (hasidic-stories.org)	auto_UNVERIFIED	1	1	shivheiZadikim	"…ן לב' עיירות הנ""ל ונתמנה לשם ע״פ ההמה״ק מקאזניץ ז""ל והה״ק בעל קדושת לוי ז""ל בדבעינן למימר לקמן ונודע ומפורסם בגלילות הנ""ל שהי' איש מופת בחייו מאד והי' ממש מגיד עתידות. נוסף על עוצם חסידותו וקדושתו אשר עין בעין ראו אצלו נפלאותי…"
248	מינסק	Hasidic Tales digital edition (hasidic-stories.org)	auto_UNVERIFIED	2	1	Shemen-Hatov	"… כמש""כ בס׳ קריה נאמנה (דף קל״ח) כי החרם הראשון נעשה בשנת תקל״ז) והכריזו בכל הערים הגדולות ווילנא הורדנא בריסק מינסק שקלאב לרדוף את החסידים בכל תוקף ועוז שלא להתחבר עמהם לבוא בברית עמהם או לעמוד בקהל עדתם ושלא לאכול משחיטתם כי…"
250	פיעטרקאוו	Hasidic Tales digital edition (hasidic-stories.org)	auto_UNVERIFIED	1	1	Toldot-Haniflaot	…ע דפרשת אמור, ובעש״ק של פרשת קדושים בא ההק׳ סבא קדישא ר״מ ז״ל מלעלוב וגם הרב הדאקטיר הגדול הצדיק ר׳ חיים דור מפיעטרקאוו, והיו שמה עד יום פטירתו הוא יום ב׳ דפרשת אמור אשר עליונים נצחו את התחתונים וכו׳ :
250	פעטרקוב	Hasidic Tales digital edition (hasidic-stories.org)	auto_UNVERIFIED	1	1	Dvarim-Yekarim	"…כבוד קדושת אדמו״ר הרה״צ הגדול גאון מפורסם פאר הדור צנא מלא ספרא מו״ה ברוך צבי הירש ראזענבלום זצלה""ה אב""ד דק""ק פעטרקוב והגליל יע""א."
25335	מדיליטא	Hasidic Tales digital edition (hasidic-stories.org)	auto_UNVERIFIED	1	1	Maasiot-veSihot-Zadikim	"…׳ יוסלי ז""ל לעשות פשרה ביניהם והיו נותנים לו בכל שנה ג׳ מאות קערבליך וכן הי׳ כמה שנים ואח״כ נזדמן שבא איש אחד מדיליטא להעיר הנ""ל והיה מופלג גדול בתורה ונתחברו אליו אנשים פשוטים וביקשו לעשות אותו לאב״ד לדור שם תמיד והחסידים לא ר…"
261	שפרעם	Hasidic Tales digital edition (hasidic-stories.org)	auto_UNVERIFIED	1	1	Derech-Haemuna	…ברם בלי נזק ובכן קיימתי את דיבורי ויצאתי בלי נזק כל ואני הייתי טאס בעולם עם הממונים והיינו טאס בין ישראלאושא לשפרעם ובאו נגדינו אלפים ורבבות חיילות אשר רדפו וטרדו אחרינו ולא נתנו לנו מנוח לכף רגלינו מפני החרם ונדויים ושמתות ו…
26781	רמות	Hasidic Tales digital edition (hasidic-stories.org)	auto_UNVERIFIED	1	1	Buzina_Denehora	"תהלים ל""ה ועל רגעי ארץ דברי מרמות יחשובון. כי על ימים שעברו בוודאי אין לו מה לעשות מרמה. ועל ימים העתידים לבוא. ג״כ אין לו לחשוב שום מרמה. כי א…"
26921	שפניא	Hasidic Tales digital edition (hasidic-stories.org)	auto_UNVERIFIED	1	1	Derech-Haemuna	וכך היה המעשה שבמדינות שפניא היה מקודם קהילות קדושות קודם גזרות תתנ״ו והיתה שם עיר גדולה לא׳ עיר ואם בישראל והיה שם מלך אחד והיה רוצה לגרש…
27010	רמתיים	Hasidic Tales digital edition (hasidic-stories.org)	auto_UNVERIFIED	1	1	Shemen-Hatov	… יא) הגה״ק ר׳ מרדכי בנעט אבד״ק ניקלשפורג (עיין בשו״ת ח״ס ח״ו סי׳ ל״ז מצוואתו להיות נקבר אצל רבו הרר״ש. ועיין ברמתיים צופים ח״ב דף נ״ח). יב) הגה״ק מ׳ מאיר קריסטינפאלר אבד״ק בראד (עיין שה״ג מ״מ אות ד׳). יג) הרה״צ מ׳ פנחס מפולין …
27067	ראזדעל	Hasidic Tales digital edition (hasidic-stories.org)	auto_UNVERIFIED	1	1	Derech-Haemuna	ג) ושמעתי מכה קדוש הרב מראזדעל איך שרבן של ישראל הרב מוה׳ דוב נצטער ע״ז על שנעשה מפורסם וגילו לו מן השמים ממעזריטששפ״א נסע בחוה״מ דרך שלא הי…
27067	ראזדל	Hasidic Tales digital edition (hasidic-stories.org)	auto_UNVERIFIED	1	1	Seva-Ratzon	"…ת פרשה גדולתו ואז אדע אם אסע גם אנכי לשם ויסע הה״ק מהר""צ למעזיביז הוא ואחוזת מרעהו חתנו הק' מהור״ר יהודא צבי מראזדל ז״ל ויבואו למעזיבין בשלום על יומא וילכו לסעודת מצוה לשלחן הה״ק רר״ב ויהי כאשר בא הה״צ דפגראמהר״צ ויבט בו הק׳ …"
294	שידלאויצי	Hasidic Tales digital edition (hasidic-stories.org)	auto_UNVERIFIED	1	1	Tiferet-Hayyim	"א) פ""א שבת אדומ""ו משידלאויצי זצ""ל אצל אדומ״ו הגאון הק׳ זצלל""ה מסאנז כדרכו בקודש להיות שם כפעם בפעם וצוה אותו הגה""ק מסאנז שיאמר תורה וחשב ב…"
3056	באקווינע	Hasidic Tales digital edition (hasidic-stories.org)	auto_UNVERIFIED	1	1	Maasiot-veSihot-Zadikim	…עתי מזה אנו רואין האיך גדול כה הצדיקים דהמעשה הזאת הוא כמו המעשה בארישע הנביא עם נעמן שר צבא ארם . בעיר שאטש בבאקווינע היה עשיר אחד ושמו נתן שמעון והיה מסחרו לגאלאץ ולא היה לו בנים והיה מקטני אמנה בהצדיקים כי היא היה מאנשי זמננו…
332	הראדענקע	Hasidic Tales digital edition (hasidic-stories.org)	auto_UNVERIFIED	3	2	Khal-Hasidim; Shivhei-Habesht	"…עד שיאספו כל בני הכפרים למשפט ויהי' לו לצוותא והי' יושב אצל הרב וסיפר לפניו פ""א נסע הבעש״ט לק""ק בראד ונסע דרך הראדענקע ועמד לפני בביתי ושלח אחרי שאצא ואני לא הייתי עדיין אב""ד ואמר מאיר שב עמי על העגלה ותסע עמי לק""ק בראד ולקחתי ה…"
332	ק' הארידענקא	Hasidic Tales digital edition (hasidic-stories.org)	auto_UNVERIFIED	1	1	Buzina_Denehora	הנה נחתי וסלקי ברעותא דמר ודרכתי בקום ועשה. ונחצתי בנחיצה לנסוע לק' הארידענקא. ותקנתי הדבר על נכון כצבותא דמר. וגם אודות השאלה אשר שאלתם. גם מזה לא הנחתי ידי וחזרתי אחר הני אורחי ופרחי הנ…
332	הרדענקע	Hasidic Tales digital edition (hasidic-stories.org)	auto_UNVERIFIED	1	1	Khal-Hasidim	שמעתי מהרב דקהלתינו בעת הלווית הבעש״ט תמה מאוד ר' נחמן מהרדענקע מה זה שאין רואה מאומה וכשבא מן בית עלמין ראה נוראות גדולות ואמר לרבי זאב קוצעס שבוודאי צריך להיות כך :
332	הראדינקי	Hasidic Tales digital edition (hasidic-stories.org)	auto_UNVERIFIED	1	1	Khal-Hasidim	"… וצוה שיכנסו מנין להתפלל עמו וצוה שיתנו לו הסידור ואמר אישתעי עוד מעט עם הש""י ולאחר התפילה הלך הרה""ק ר׳ נחמן מהראדינקי לבהמ״ד להתפלל עבורו אמר הבעש״ט לחנם הוא מרעיש אם היה יכול לכנס בפתח זה שהייתי רגיל לכנוס היה פועל בתפילתו ובע…"
332	האראדענקי	Hasidic Tales digital edition (hasidic-stories.org)	auto_UNVERIFIED	1	1	Khal-Hasidim	"שמעתי מהרב הנ""ל שהלך הגאון האלקי ר׳ אליעזר מאמשטרדם לאה״ק בשביל רב נחמן מהאראדענקי כי אמר כשנהי' שנינו נביא את הגואל וכשבא לאה״ק הלכו שם כל בני העיר לקראתו וכשראה את ה׳ ר' שמשון בן רב נחמן ושא…"
332	האראדענק	Hasidic Tales digital edition (hasidic-stories.org)	auto_UNVERIFIED	1	1	Shivhei-Habesht	"שמעתי מהרב הנ""ל שהלך לא""הק ר׳ אליעזר מאמשטרדם בשביל ר׳ נחמן מהאראדענק' כי אמר כשנהי' אנחנו שנינו באה״ק נביא את הגואל וכשבא לאה״ק הלכו כל בני העיר לקראתו וכשראה את ר׳ שמשון בן ר׳ נ…"
335	האינפאלי	Hasidic Tales digital edition (hasidic-stories.org)	auto_UNVERIFIED	1	1	Maasiot-Pliot	"פעם אחד בא הקדוש והטהור רבי ר׳ זושא מהאינפאלי זללה""ה לכבוד רבינו מאוה""ג הגאון הקדוש רבי רבי שמעלקי מניקלשפורג זי""ע וביקש ר״ר זוסיא שילמוד אתו השיב לו הרה״ק…"
335	האניפאליא	Hasidic Tales digital edition (hasidic-stories.org)	auto_UNVERIFIED	1	1	Shemen-Hatov	לה) כתב בס׳ אמונת צדיקים אות ס״ט פ״א בא הרבי ר׳ זושא מהאניפאליא אל הרר״ש. וביקשו שילמוד אתו השיב הרר״ש אם אתם תלמדו עמי חכמת הנסתר אני אלמוד עמכם בנגלות התורה. ואמר לו כן וש…
335	האניפאלע	Hasidic Tales digital edition (hasidic-stories.org)	auto_UNVERIFIED	1	1	Maim-Rabim	…םנת תקל״ג י״ט כסלו״. ועי׳ בס׳ מגן אברהם לרבינו הקדוש מטריסק לרמזי פורים שמעתי מאאמו״ר זצוקל״ל שאמר שבעת שהי' בהאניפאלע על קברי הצדיקים הרב המגיד הגדול והה״ק ר׳ זוסיא והה״ק ר׳ זצוקללהליב כהן״ה מה ריח של גן עדן עכ״ל :
347	בערזאן	Hasidic Tales digital edition (hasidic-stories.org)	auto_UNVERIFIED	1	1	Maim-Rabim	"…הגה״ק ר׳ ישעי׳ זצללה״ה מ הנ״ל. וכן נדפס בס׳ דעת הפראגאתורה לכבוד הגאון המפורסם ר׳ זצוק""ל אבדשלום מרדכי הכהן״ק בערזאן שהוא ג״כ נכד רבינו הגדול ר״י מ. וכן ראיתי בסדר היחוס לבית רבינו הקדוש רדראביטש״י מסאדיגורא זצללה״ה :"
3494	נעמסט	Hasidic Tales digital edition (hasidic-stories.org)	auto_UNVERIFIED	1	1	Shemen-Hatov	…למיד מובהק להרבי מלובלין. וזכיתי להכירו ולשמוע מפיו ממש. כי בעת הי' הה״ק רבי ר׳ אלימלך בנ״ש. א׳ לו כמתרעם מלך נעמסט מיר אוועק מיינע חסידים. השיבו בחרדת קודש. רבי אני שלך ואנשי שלך.
417	פרוסניץ	Hasidic Tales digital edition (hasidic-stories.org)	auto_UNVERIFIED	1	1	Shemen-Hatov	…ם נראה לנו אור. ומגדולי תלמידיו ה״ה. א) בנו הוא זקיני הגה״ק מ׳ צבי יהושע הלוי הורוויץ אבד״ק יעמניץ. טרייביטש. פרוסניץ. טארני. בע״ס סמיכת משה וחי׳ הריב״ש. ב) הגה״ק מ׳ משה ליב מסאסוב (שה״ג הח' מ״ש אות ע״ג. ובסה״ד הח׳. ובס׳ אמונת …
424	פרעמישלא	Hasidic Tales digital edition (hasidic-stories.org)	auto_UNVERIFIED	2	1	Shemen-Hatov	צה) כתב ש״ב הרב ר׳ שמעלקא הלוי הורוויץ מפרעמישלא. בהקדמתו לס׳ סמיכת משה וז״ל. ז׳ הגה״ק אבד״ק טשארטקוב אמר קודם הסתלקותו. כשיהי׳ ח״ו עת צרה לבניו אזי יבואו על …
424	פרעמיסלא	Hasidic Tales digital edition (hasidic-stories.org)	auto_UNVERIFIED	1	1	Smichat-Moshe	…א בהגאון מ׳ יצחק מפוזנא המובא במגן אברהם ור׳ שמואל אביו של חותני זקני הנ״ל הי' חתן הגאון ע׳ מנחם מענדיל אבד״ק פרעמיסלא בהגאון מ׳ שמואל שמעלקא אבד״ק קראקא בהגאון מ׳ ליביש אבד״ק קראקא בהגאון מ׳ אייזיק אבד״ק קראקא בהגאון מ׳ יהודא ל…
488	קראסניבראד	Hasidic Tales digital edition (hasidic-stories.org)	auto_UNVERIFIED	1	1	Shemen-Hatov	"…אף שהי׳ צדיק גדול ובכל לילה אחר טבילת מקוה הלך לביהכנ״ס לעבודתו בקודש. ועשה שידוך עם בנו הנ""ל שהי' עילוי מעיר קראסניבראד. עם נגיד פשוט אחד שהי׳ מחזיק שם הקרעטשמי סמוך לעיר. ובלילה קודם יום החתונה בסעודת חתן מאָהל שהי׳ נהוג בימים ה…"
495	ריגיו	Hasidic Tales digital edition (hasidic-stories.org)	auto_UNVERIFIED	1	1	Derech-Haemuna	הן אנכי מדי עברי בק ״קריגיו ראתה עיני גוף הכתב הנ״ל מרבני חכמי וגאוני ירושלים הכתוב בחתימות מהכתב היקר שאני בקי בהם מתוך כתבי דקודש ופסקי…
517	ביקאווסק	Hasidic Tales digital edition (hasidic-stories.org)	auto_UNVERIFIED	1	1	Smichat-Moshe	…גחלי אש ולהפיצם ע״פ תבל ולזכות הרבים ומסר הכתבים הנ״ל לחתן בכי הרב המאה״ג החריף ובקי ושכון מ׳ פנחס כ״י האבד״ק ביקאווסק לסדר אותו באופן הנאות כי הוא ג״כ נכד המחבר אדומו״ר הגאון הקדוש מוהר״ר ר״ש הנ״ל והנה ליתן הסכמה אך למותר כי גל…
525	בילגורייא	Hasidic Tales digital edition (hasidic-stories.org)	auto_UNVERIFIED	1	1	Shemen-Hatov	…נ״י מה ששמע מדודו הרה״ג הצדיק ר׳ אליעזריל דעם מגיד'ס מלובלין [הוא זקיני. אבי הרה״ג ר׳ שמואל אליהו שווערדשארף מבילגורייא אבי אם אבי הגאון שליט״א] אשר בעת שנלקח אביו המגיד הקדוש לתפיסה. עפ״י סיבה שלקח על עצמו משפט אנשים זרים שהיה ע…
533	קושטנטינא	Hasidic Tales digital edition (hasidic-stories.org)	auto_UNVERIFIED	1	1	Smichat-Moshe	"…בן הרבנית מרה מרים אשר למדה עם ישיבות מופלגים והי׳ ווילון מפסיק בינה בת רבינו שלמה שפירא ואחותו של רבינו פרץ מקושטנטינא ובסדר היחוס בהקדמת שו״ת מהרש""ל סיים בזה הלשון ומאבותיו של ר׳ שלמה שפירא לא פסחה תורה מהם עד רש""י עכ״ל. וע׳ בס…"
5350	יהודה	Hasidic Tales digital edition (hasidic-stories.org)	auto_UNVERIFIED	7	3	Shemen-Hatov; Toldot-Haniflaot; shivheiZadikim	…ו הקדוש הגאון רבי ר׳ שמעלקא זלה״ה בניקלשפורג הי' לו ויכוח עם כומר א׳ משם ששאלו לאמר כתיב בתורתכם לא יסור שבט מיהודה וכו׳ ויענהו תשובה נצחת וכו' ע״ש). ח) הגה״ק מ׳ אייזיק אבד״ק קאלוב (בשה״ג הח׳ מ״א. ועיין אודותיו בתולדות רבינו …
540	אוליינאב	Hasidic Tales digital edition (hasidic-stories.org)	auto_UNVERIFIED	1	1	Shemen-Hatov	"…נטו אחרי המגיד ממעזעריטש זצוק""ל והיו תלמידים מובהקים אצלו [אמר המעתיק במכתב הרב מסעראצק כ׳ בשם הרב ר׳ אליעזר מאוליינאב אשר זקיני הר״ר שמעלקי מנ""ש הי' מקודם תלמיד הג״מ יצחק חריף אבד""ק סאמביר בהג״מ יוסף משה אבד״ק הנ""ל בע״ס מגיד מש…"
540	אוליינוב	Hasidic Tales digital edition (hasidic-stories.org)	auto_UNVERIFIED	1	1	Shemen-Hatov	…ולא הספיקה לו צורכו להישיבה. ע״כ העתיק דירתו לק׳ שינאווי. ונתן שם הסכמתו על ס׳ אוהל מועד חי׳ גפ״ת להר׳ יוסקי מאוליינוב תקכ״ו. ועל מקומו בא ברוצוועל אא״ז הג״מ עוזר אבד״ק מעזריטש בהר״ר אבישיל הנ״ל. ואחרי פטירתו נתקבל הג״מ עוזיאל ב…
550	אמסטרדם	Hasidic Tales digital edition (hasidic-stories.org)	auto_UNVERIFIED	3	1	Maim-Rabim	…׳ שלום מ זצוקללה״ה. (בן הגאון בעלזמו״ה אלעזר. בהג״מ שמעלקי חתן רבינו התב״ש] בהג״מ משה. בהג״מ אלעזר האבד״ק רוקחאמסטרדם זקללה״ה) הי׳ מחבבו. והעריך לפניו רחום משפחה שחם קרובים. כי זקינו הוא ההגה״צ ר׳ אליעזר האבד״ק אמשטרדם ואחיו כב…
552	אַפטא	Hasidic Tales digital edition (hasidic-stories.org)	auto_UNVERIFIED	1	1	Sipurim-Nehmadim	"…דים מהבעש״ט והרה""ק מהר""ל מפראָג והרה״ק ר׳ ישכר בער מזלאטשוב, והרה״ק האזולאי והרה״ק ר׳ ישעיה מדינעוויץ והרה״ק מאַפטא ועוד מכמה צדיקים זצוק""ל זיע״א. מאת המלקט והמאסף ישעיה וואלף ציקערניק בדפוס ר. קעסעלמאן באזיטאמיר שנת תורה בכל…"
559	אריאל	Hasidic Tales digital edition (hasidic-stories.org)	auto_UNVERIFIED	1	1	Maim-Rabim	…מודא דנהורא רב רבנן וחכם הרוים, נזר החסידים ועטרת הצדיקים אספקלריא המאירה דין גלוא רזא עמיקא וטמירא, ראש גולת אריאל הנערץ והנקדש בתוך רבבות אלפי ישראל ושמו הטוב הולך מסוף העולם ועד סופו, א״א קדוש, חוטר מגזע אבני שיש טהור מרנא…
5920	הר ציון	Hasidic Tales digital edition (hasidic-stories.org)	auto_UNVERIFIED	1	1	SipureiAnsheiShem	מהעיר ביום ג׳ י״ב כסליו שפ״ז וישמח הר ציון ויגילו בני יהודא והחתימה במכתב זה התמה, שם טוב לוזייא״ו, ישי מיניין, שמואל ן׳ סיד, הצעיר ישראל בנימין, ישראל …
6093	קארלסבאד	Hasidic Tales digital edition (hasidic-stories.org)	auto_UNVERIFIED	1	1	Maasiot-Pliot	"וכך הי׳ המעשה בשנת תקפ""ט י״ג מנחם אב נח נפשי׳ דרב האי גאון הצדיק מורינו רבי מרדכי בנעט זצלל""ה במרחץ קארלסבאד ולא נפטר בעירו מקום כסאו והובל לקבר בעיר ליכטענשטאדט הסמוכה כשתי שעות. והמקום הנ""ל מקום אינם יהודים ורק קצת י…"
6241	סכתה	Hasidic Tales digital edition (hasidic-stories.org)	auto_UNVERIFIED	2	1	Tiferet-Hayyim	"ויעקב נסע סכתה. ע״פ ששמעתי בשם אאמו״ר זצ""ל שאמר הטעם על מנהג העולם שקוראים את אנשים יראי ה' הנוסעים אל הצדיקים ללמוד מדרכיהם…"
6349	ארבארי	Hasidic Tales digital edition (hasidic-stories.org)	auto_UNVERIFIED	1	1	Hitgalut-HaZadikim	…ו. ענה ואמר המלך לעולם יחיה כשהייתי לפנים בעיר אלגיר היה שם בתוך השופטים מכשף גדול אשר כמוהו לא נמצא בכל ארץ בארבארי ושמו פערי. ושמעתי שזה ז׳ ימים שבא לכאן לחדש הברית. ובודאי עיקר מחשבתו לכלות מדינתך להמית אותך ויוצאי חלציך וש…
6378	פרשעדבארז	Hasidic Tales digital edition (hasidic-stories.org)	auto_UNVERIFIED	4	1	Toldot-Haniflaot	… וכן סיפר על כל הצדיקים שהיו מנשאים אותו, ומצווים אותו להיות מנהיג ורבי, ואחרון שבהם היה הרב הגאון הצדיק ר״י מפרשעדבארז ז״ל כשהיה אצלו אמר לפניו דאיתא במדרש ע״פ הניקה בנים שרה שאמר לאברהםשרה גלי דדיך לא עת צניעות הוא, וכן אני אומ…
639	אמסק	Hasidic Tales digital edition (hasidic-stories.org)	auto_UNVERIFIED	1	1	Tiferet-Hayyim	מס׳ ת״ש מהה״ק מראד אמסק פ׳ אמור וז״ל ידוע גודל מעלת הצדיקים ודיבוק חכמים שבדור אשר מפיהם אנו חיים וכל הדבוק בהם לא יונח לעולם להיות ל…
669	יאססי	Hasidic Tales digital edition (hasidic-stories.org)	auto_UNVERIFIED	1	1	Hitgalut-HaZadikim	"… של מרן הגאון הקדוש הרבי ר׳ אברהם יהושע העשיל זצללה""ה בעהמ״ח ספר הקדוש אוהב ישראל. אשר אוה אח״כ למושב לו בעיר יאססי ולבסוף תקע אהלו בעיר מעזבוז ושם מנ״כ. ויען כי הרבינו היהודי היה מאוד יקר בעיניהם. יען כי היה גאון חריף ועוקר …"
671	טיסמניץ	Hasidic Tales digital edition (hasidic-stories.org)	auto_UNVERIFIED	2	2	Maasiot-veSihot-Zadikim; Shemen-Hatov	…רא שמים השיב לו הרב כוונת לדעתי כי בדעתי ג״כ כמו שאמרת הן יש לנו חלה על שבת וגם יש לבות נגול ובר אווזא ואשרא לטיסמניץ
675	קראעץ	Hasidic Tales digital edition (hasidic-stories.org)	auto_UNVERIFIED	1	1	maase-zadikim	…ריו כאשר נשבע אז הרב הקדוש מקארעץ שתהי' לו זרע נעשה רעש בפמליא של מעלה. הסבא קדישא נשבע כי לא תהיה לו והקדוש מקראעץ נשבע שתהי' מה תהיה בדינם מי נדחה מפני מי ויעשו פסק דין בבית דין שלמעלה לעיין מי ומי מהם אשר לא נשבע נפשו מעול…
678	פעטרבורג	Hasidic Tales digital edition (hasidic-stories.org)	auto_UNVERIFIED	1	1	Shemen-Hatov	… הרש״ז מלאדי אל זקיני ההפלאה לפפד״מ. ע״י הרר״מ מייזילס שמש ונאמן מווילנא. אחר יציאתו לחפשי מבית הסוהר וביאתו מפעטרבורג. והודיעהו מכל מה שעבר עליו. והרדיפות שעשו אח״כ להרר״מ מייזילס על התקרבותו אל הרב הרש״ז. ועבור זאת פסקו מקור מ…
687	טאמשוב	Hasidic Tales digital edition (hasidic-stories.org)	auto_UNVERIFIED	2	1	Shemen-Hatov	"…משיך רבים אליו בפולין קטן עכ״ל. וש""ב הגאבד״ק סעראצק כ׳ וז״ל הג״מ קאפיל מיוזעפאן חתן הרה״ק ר׳ יוסילי יארטשובר מטאמשוב סיפר לי כי הגה״ק ר׳ לוי יצחק בעל קדושת לוי בהיותו עוד בבית חותנו בלוברטוב ביראתו הטהורה הי' משתוקק ליסע לרוטש…"
688	לאנדן	Hasidic Tales digital edition (hasidic-stories.org)	auto_UNVERIFIED	1	1	Toldot-Haniflaot	…והיו שם הרבה אנשים הנוסעים מעבר לגבול, ובתוכם היו איזה אנשים שהכירו אותו, והתחילו לצחוק ממנו וכי גם אתה נוסע ללאנדן או לאמעריקא, וסיפר להם כל הנ״ל, וכאשר שמעו ממנו דבר זה אמרו לו הלא יש בכאן אשה
691	ירושלם	Hasidic Tales digital edition (hasidic-stories.org)	auto_UNVERIFIED	1	1	Derech-Haemuna	…ת המר והמקבלו והשומעו והשמח והיושב במסיבת׳ לא יהיה לו חלק באלהי ישראל בודאי ואני ערב לו שלא יראה בנחמות ציון וירושלם. (נ״מ שביל היחוד) :
699	באר שבע	Hasidic Tales digital edition (hasidic-stories.org)	auto_UNVERIFIED	1	1	Buzina_Denehora	פ׳ ויצא ויצא יעקב מבאר שבע וילך חרנה. כי יש לו לאדם ללמוד חובה על עצמי. ויהי׳ נדמה בעיניו. כאלו לא התחיל עדיין בעבודת הבורא כלל. וזהו כו…
6993	סטריא	Hasidic Tales digital edition (hasidic-stories.org)	auto_UNVERIFIED	1	1	Peulat-Hatzadikim	שאל אותו הגאון ר׳ ענזיל מסטריא ז״ל ואמר לו כמדומה לי אשר הנהגת רעבישקייט להיות גיטער יוד הוא תאוה כמו כל התאוות והשיבו הה״ק אמת הדבר אמנם לז…
701	אורים	Hasidic Tales digital edition (hasidic-stories.org)	auto_UNVERIFIED	1	1	Maasiot-Pliot	"…רה בקבורת אבם גדול זה. ונפלא מהם דבר המשפט. כי לא ידעו מה הוא ומה לדון ביה. ושלחה המלוכה יר״ה את המשפט לשאול באורים להגאו׳ הצדיק רבי משה סופר בעל חת""ם סופר מפרעשבורג ז""ל שהי׳ באותה מדינה לנס ולמופת ביניהם. שכפי אשר יורה האי ג…"
71244	קארסטשוב	Hasidic Tales digital edition (hasidic-stories.org)	auto_UNVERIFIED	5	3	Khal-Hasidim; Shivhei-Habesht; SipurimUmaamarimYekarim	"מעשה עלילה דק""ק פאווליטש וברח הרב דק""ק קארושטיסאב הנקרא בשמו רבי דוד ורצה לברוח עד מדינות וואלחאי כי כל האנשים חשובים אשר סביבותיהם היו מתפחדים שלא יעלילו גם ע…"
71841	וואהל	Hasidic Tales digital edition (hasidic-stories.org)	auto_UNVERIFIED	1	1	Shemen-Hatov	…השניה היתה הרבנית מייטל [בת הג״מ אפרים זלמן ק״ב בהג״מ שאול אבד״ק פינטשוב בהג״מ משה ק״ב אבד״ק פעלמא בהג״מ מאיר וואהל אבד״ק בריסק בהר״ש וואהל] נפטרה בבראד כ״א אייר תקכ״ב אצל בנה ישעי׳ הלוי הורוויץ. ובעלה הראשון היה הקצין ר׳ פיי…
722	חמעלניק	Hasidic Tales digital edition (hasidic-stories.org)	auto_UNVERIFIED	11	6	Adat-Zadikim; Khal-Hasidim; Mifalot-HaZadikim; Seva-Ratzon; Shivhei-Habesht; Shivhei-Harav	"… ויזכור דברי הגביר אשר אמר לו קודם נסיעתו והתחזק מאוד בבטחון חזק בכל שארית כחו ויבואו בלילה לבית מלון א' בעיר חמעלניק וילינו שם. ובלילה בא לבית המלון הזה אורח נכבד סוחר גדול וילינו שניהם בחדר אחד ויהי כדברם זע""ז כדרך אנשים מאין…"
74203	פריץ	Hasidic Tales digital edition (hasidic-stories.org)	auto_UNVERIFIED	1	1	Maasiot-veSihot-Zadikim	"…ב אל תקשה לנו קושיות ואח״כ שאל אותו מאיזה מקום אתה נוסע השיב לו שבוטשאטש ומה סחרת בבוטשאטש השיב לו דגן ובאיזה פריץ עומד דנו כעת השיב לו י""ח ריינש אמר לו הרב אתה מביא היום לסטאניסלאב אחר חצי היום ובלא סרסור לא תמכור ואנה תבקש…"
7547	אונגארין	Hasidic Tales digital edition (hasidic-stories.org)	auto_UNVERIFIED	1	1	Shemen-Hatov	וידידי הרב הגאון וכו׳ מ׳ חיים דובער גראס שי׳ אבד״ק פעטריווא באונגארין כתב אלי בא׳ ממכתביו וז״ל זקינו הגה״ק בעל הפלאה ז״ל הי׳ מקודם אבד״ק וויטקוב בגאליציען. ובהקדמת תשו' גאוני בתרא…
7547	אונגארן	Hasidic Tales digital edition (hasidic-stories.org)	auto_UNVERIFIED	1	1	SipureiAnsheiShem	לתוך ביתו ויחשוב תחבולות להביא עצה מה לעשות בטרם יבא הרעב ונפל בלבו להתהלך בארץ אונגארן ולחפש שמה מקום אשר ימצא להחיות נפשו ולהרויח עדי יוכל לצבור כסף להמציא טרף לביתו ויבא לארץ הגר וישכור את עצמו …
76106	דאליגע	Hasidic Tales digital edition (hasidic-stories.org)	auto_UNVERIFIED	1	1	Maasiot-veSihot-Zadikim	"הצדיק ר׳ דוד זלאטים ז""ל והחסיד הר׳ אליעזר הגדול מדאליגע הלכו יחד ללובלין והיו מוכרחים לילך דרך עיר קטנה שלא היו דרים שם יהודים וקודם לעיר ההיא היה ישוב מכמה יהודים ש…"
76224	זאטיר	Hasidic Tales digital edition (hasidic-stories.org)	auto_UNVERIFIED	1	1	Shlosha-edrei-zon	"…בק' בריגיל נחני ה׳ דרך עיר יענדרחויף וכתבתי שמה כמה ס""ת ושם נתקשרתי בעבותות התנאים עם אחות הרב הגדול אב""ד דק׳ זאטיר הנקרא בפי הבריות מ׳ ר׳ יעק עלי זאטורר ושמו היה ר׳ משה יעקב זצ""ל בעת ההוא שלחו אנשי עיר יענדרחוף בעד הרב מקרשא…"
76260	רחיים	Hasidic Tales digital edition (hasidic-stories.org)	auto_UNVERIFIED	1	1	Hitgalut-HaZadikim	"…מיהם להדוכס הנ""ל. ונכנסו עמו בדברים עד כי השמיע צעקתו בפניהם על היהודים אשר יושבים תחתיו בגבולו זה בפאכט וזה ברחיים וזה בראנדא לאמר. כבוא תקופות השנה לעשות קונטראקט חדש על שנה הבאה. כל אחד יתנצל כי לא יוכל לחת שכר הקצבה מימים…"
76432	לאדזיאן	Hasidic Tales digital edition (hasidic-stories.org)	auto_UNVERIFIED	1	1	Khal-Hasidim	"…ר זה כי היה רחוק ממנה אח״כ עבר על הפרישות ועסקו שניהם בתיקון עד שתיקן את הדבר זה ומהתחברות הזה נולד המ""מ דק""ק לאדזיאן ואמר עליו המוכיח דק""ק פולנאי שלא ראה קרי מימיו :"
765	טארנא	Hasidic Tales digital edition (hasidic-stories.org)	auto_UNVERIFIED	1	1	Shemen-Hatov	"… ובראשם הק' ר' חיים צאנזיר [ההוא הי׳ בן הג״מ מנחם מק' צאנז חתן זקיני הגה""ק ר׳ שמואל שמעלקי הלוי הורוויץ אבד״ק טארנא אבי זקיני הגה""ק מו״ה מאיר הלוי אבד״ק טיקטין] עכ״ז שלח לתהות על קנקנו את תלמידו הרה״ק ר' משה אוסטריר בע״ס ערוג…"
77490	עמק עכור	Hasidic Tales digital edition (hasidic-stories.org)	auto_UNVERIFIED	1	1	Hitgalut-HaZadikim	…יעי כח. ואחר שהחכם הזקן ההוא קיבץ על יד מנה מאתים זהובים מטבע היוצא באותו שעה. נפל עליו הגורל כי בהיותו הולך בעמק עכור שביער אחד אדיר ונורא. והנה לקראתו לסטים מזוין וראשו בשמים ויהי בראות הזקן את הצורה הצוררה ההוא. כמעט פרחה נשמ…
77838	פלעם	Hasidic Tales digital edition (hasidic-stories.org)	auto_UNVERIFIED	3	1	Seva-Ratzon	…ודי בעת עסקו במלאכתו נתחב לו הסכין הגדול בדפק ולא יכלו לעצור הדם כי נחתבו הגידין ויצוו הרופאים שיסע תיכף לעיר פלעם להרופא הגדול ויסע לשם ויעש לו הרופא רפואות ולא הועיל וגזר אומר שבהכרח לחתוך את ידו עד המרפק ויבהל מאד הקצב וי…
77838	פלים	Hasidic Tales digital edition (hasidic-stories.org)	auto_UNVERIFIED	1	1	Seva-Ratzon	…שה רטי׳ חדשה ותניח שנית ויתרפא היד וכשתעשה פעם ג׳ לאיה שום רושם ולא יהי' ניכר כל אם הי׳ לך שום כאב ואח״כ תלך לפלים להראות להרופא כי נרפא היד בשלימות ובודאי ישאלך מי רופאך ותאמר לו הרב מאושפצין רופאני ואם ישאלך אנה למד חכמת ה…
77978	אפרים	Hasidic Tales digital edition (hasidic-stories.org)	auto_UNVERIFIED	1	1	Maasiot-veSihot-Zadikim	"…ד בשם הצדיק הנ""ל וירא ישראל את בני יוסף ופירש״י ז""ל ביקש לברכם ונסתלקה שכינה ממנו לפי שעתיד ירבעם ואהאב לצאת מאפרים ויהוא ובניו ממנשה ואמר הצדיק הנ""ל אשר בתיבת בני מרומז כל זאת כי הראשיתיבות של בני הוא ירבעם בן נבט גם יהוא בן…"
78312	גליל העליון	Hasidic Tales digital edition (hasidic-stories.org)	auto_UNVERIFIED	1	1	Sipurim-Nehmadim	"… ר״כ וז״ל וכבר סיפר לי מפי מגידי אמת וזקני אותו דור דעה שבימי האריז""ל היה מעשה שאחד מן האנוסים שבא מפורטיגאל לגליל העליון בהעיר הקודש צפת תוב״ב ושמע"
78338	אקופ	Hasidic Tales digital edition (hasidic-stories.org)	auto_UNVERIFIED	7	2	Khal-Hasidim; Shivhei-Habesht	"… בהאי עלמא ועשתה כן והחזירה את היופע. והוא עשה שאלת חלום למי למסור הכתבים שלו והשיבו למסור לר׳ ישראל ב״א מעיר אקופ. וקודם מותו צוה לבנו יחידו הנה יש ת""י כתבים שהם רזין דאורייתא אבל אינך ראוי להם כ""א תחקור אחר עיר א׳ ושמה אקו…"
78450	ארפאנו	Hasidic Tales digital edition (hasidic-stories.org)	auto_UNVERIFIED	1	1	SipurimUmaamarimYekarim	…ריך לו בריפוא חולים או בבחי׳ לפקוד עקרות. לזה אל תתביישו כלל וכלל. וכל מי שיש בידו עון וחטא יבא אצלי ובעזהי״ת ארפאנו ברפואת הנפש :
797	פראסקרוב	Hasidic Tales digital edition (hasidic-stories.org)	auto_UNVERIFIED	4	1	Shemen-Hatov	"צו) כתב ש""ב בעל מנחת שבת הנ""ל וז״ל שמעתי מאנשי אמת מספרים אשר הה״ק בעל קדושת לוי הי' פ״א בעיר פראסקרוב ואמר לאנשי העיר שהוא רואה אור גדול על הבית עלמין שבעיר הנ״ל. ושאל אותם אם מונח שם על הבית עלמין איזה צדיק. וח…"
8120	תורגמה	Hasidic Tales digital edition (hasidic-stories.org)	auto_UNVERIFIED	2	1	Derech-Haemuna	…ה נגדע חכם לשבת בארץ הלזו הנשמה, ואתם תשבו על אדמת הקודש לפני השכינה ויהיה מימים בא אלינו גוי אחד ישמעאל מארץ תורגמה ששבוהו כושים ומכרוהו לד׳ שבטים ודןנפתלי גד ואשר והיה מספר להם את כל הקורות בהערים אשר סביבותיכם משאם ומתנם קו…
8204	דרקיעא	Hasidic Tales digital edition (hasidic-stories.org)	auto_UNVERIFIED	1	1	Shemen-Hatov	…ת שונות והעולה מכל הי' המעשה אשר הבחור הי׳ בריא ושלם והראו לו מן השמים בהקיץ או בחלום אשר צריכים אותו למתיבתא דרקיעא. וסיפר זאת לאביו וציוה לו אביו שיקדש ויטהר את עצמו כראוי ואח״כ הניח א״ע על המטה ועצם את עיניו ואת פיו וכו׳ וא…
82891	טריקאוו	Hasidic Tales digital edition (hasidic-stories.org)	auto_UNVERIFIED	1	1	shivheiZadikim	"…ירל משעדליץ ז""ל בשעה שנסע ללייפציג ולמקומות אחרות אחר סחורה. כי הי׳ נגיד גדול כידוע. שיסע חזרה לביתו דרך עיר הטריקאוו. כי חפץ להיות אצל הה״ק הרבי ר' פישעלע ז""ל. שהי' מפורסם בצדקתו וקדושתו עד שלא ידע והכיר צורתא דזוזא כלל. ורצה …"
845	יוזעפאף	Hasidic Tales digital edition (hasidic-stories.org)	auto_UNVERIFIED	3	2	Shemen-Hatov; Toldot-Haniflaot	…קיני הרר״ש העתיק דירתו לשינאווי ומשם לעיר נ״ש. בתחלה צווה את תלמידו (הוא חו״ז הר׳ יוזפא) להעתיק דירתו אל העיר יוזעפאף על יד הוייכסיל. ובהיותו פ״א. אחרי ימים רבים. אצל רבו בנ״ש. נצטוה להעתיק דירתו לעיר קאזמיר. ואמר לו עתידות כי …
845	יוזעפאן	Hasidic Tales digital edition (hasidic-stories.org)	auto_UNVERIFIED	1	1	Shemen-Hatov	"… אז אבד״ק רוטשעוואהל אשר הי' הראשון להמשיך רבים אליו בפולין קטן עכ״ל. וש""ב הגאבד״ק סעראצק כ׳ וז״ל הג״מ קאפיל מיוזעפאן חתן הרה״ק ר׳ יוסילי יארטשובר מטאמשוב סיפר לי כי הגה״ק ר׳ לוי יצחק בעל קדושת לוי בהיותו עוד בבית חותנו בלוברטו…"
846	סלוויטא	Hasidic Tales digital edition (hasidic-stories.org)	auto_UNVERIFIED	1	1	Derech-Haemuna	…ל קדושת שמו ית׳ בכח כמו ר״ע ע״ה) והק׳ זאת תמצאנו בס׳ נו״א דפ״י דפוס לעמבורג הנדפס עם הסכמות מגאוני ארץ ובדפוס סלוויטא ואמר שמצוה לפרסם למדפיסים שבאם ידפיסו מחדש הספר נו״א ידפיסו ג״כ הק׳ זאת והק' זאת מביא כאאמו״ר זללה״ה בספרו הב…
85	פולדא	Hasidic Tales digital edition (hasidic-stories.org)	auto_UNVERIFIED	1	1	Smichat-Moshe	"…נכדו. בהרב הגאון הקדוש מ׳ יהושע ארוך איש הורוויץ אבד״ק פרעמישלא בהרב הגאון הקדוש מ׳ פנחס הלוי איש הורויץ אב""ד פולדא. ואח״כ נעשה אפלאנד בפראג ופרנס הכולל דד״א וזוגתו היא הצדיקת מרים אחותו של רמ""א גודל תוקפו מובא בסדר הדורות שנ…"
85756	מיינץ	Hasidic Tales digital edition (hasidic-stories.org)	auto_UNVERIFIED	1	1	Shemen-Hatov	"…מסור נפשו עליהן ולהשליכה מנגד ולא להניחם בסכנה לצאת ולהמלט לנפשו לחוד. אמנם ראיתי כן רבים חולקים כי בהיות ק״ק מיינץ במצור לפני איזה שנים שלחו את גאונם הגאון מו״ה חיים הירש זצ""ל לפ""פ וכן עשו ק״ק קאבלענץ לרבם מו״ה זיסקינד גונדר…"
86985	כנען	Hasidic Tales digital edition (hasidic-stories.org)	auto_UNVERIFIED	1	1	Hitgalut-HaZadikim	"וימת הרח בחרן. נ""ל פירושו מחמת דהיה לתרח איתערותא טובה והיינו לילך לארץ כנען דהייא ארץ ישראל שנקרא ארץ החיים ועתה כשבא לחרן חזר בו ונשאר בחרן דהוא חוץ לארץ ע״כ שפיר אמר וימת וגו׳ זה שחזר…"
86988	פולניא	Hasidic Tales digital edition (hasidic-stories.org)	auto_UNVERIFIED	2	2	Adat-Zadikim; Khal-Hasidim	"…במטה ועל פניו ציונים גדולים ממכות נמרצות. ויקבל האדון את הבע״ב בסבפ""י וישאלהו מי הוא אצלך ויאמר איש עברי מארץ פולניא בא אלי הלילה ונראה כי איש נכבד הוא והוא הציל את בני ממות ויספר לו כל הנעשה בלילה לפי תומו אז ענה האדון לך מהר…"
86988	פלניא	Hasidic Tales digital edition (hasidic-stories.org)	auto_UNVERIFIED	1	1	Seva-Ratzon	…קומו עד שהוכרח לומר שם מדינתו לדעת מאין הוא ויהי כאשר הרחיק עוד ולא ידעו אף ממדינתו והוכרח לומר בדרך כלל מארץ פלניא אני והנה דרכו בכל מקום בואי להתאכסן אצל חכם העיר ברצונו לקבל פני הצדיקים. ויהי היום ויבא לבית חכם אחד זקן גדו…
8777	פילוב	Hasidic Tales digital edition (hasidic-stories.org)	auto_UNVERIFIED	5	1	Hitgalut-HaZadikim	…ראשם עמדו עליהם מפחד כי לא ידעו מה הוא. פתאום הפך המגיד הקדוש את פניו להאנשים. ואמר אולי יש בכאן איש אחד מעיר פילוב. וחפשו לא מצאו. רק איש אחד מהמוני עם מכפר אחד הנקרא ראנוויץ שהוא באמצע הדרך ההולך מפילוב לעיר גניוואשאוו אצל …
88088	סטאבניץ	Hasidic Tales digital edition (hasidic-stories.org)	auto_UNVERIFIED	3	2	Peulat-Hatzadikim; Shlosha-edrei-zon	"…ובדיחא דעתי' ותיכף ישב אצל השלחן טרם יכבדהו אמר לו הרב ר׳ אביש אני ראיתי את מע׳ בקרשעשוויץ כשהי׳ הרב ר׳ מאיר מסטאבניץ שם ואז היה אב""ד דק׳ אפטא ואמר לו זוכר אני. וצוה ר' אביש לנערו להביא כסא להושיב את ר' בעריש אצלו ולא רצה אמר ר…"
882	הורדנא	Hasidic Tales digital edition (hasidic-stories.org)	auto_UNVERIFIED	1	1	Shemen-Hatov	"… מווילנא ודלא כמש""כ בס׳ קריה נאמנה (דף קל״ח) כי החרם הראשון נעשה בשנת תקל״ז) והכריזו בכל הערים הגדולות ווילנא הורדנא בריסק מינסק שקלאב לרדוף את החסידים בכל תוקף ועוז שלא להתחבר עמהם לבוא בברית עמהם או לעמוד בקהל עדתם ושלא לאכו…"
88667	דעובדא	Hasidic Tales digital edition (hasidic-stories.org)	auto_UNVERIFIED	1	1	Shlosha-edrei-zon	…בקרון קשורה בחבלים ובקשו ממנו שיושיע לה והשיב כי הוא אינו טוב יהודי רק שיסעו לקאזעניץ אל הרב הגאון כי הוא מרי דעובדא ובקשו ממנו שיתנו להם כתב מליצה יען כי הלכו במלבושי דייטש אולי לא יקרב אותם וכן עשה וכתב להם מליצה ואח״כ ביקש …
8906	מאור עינים	Hasidic Tales digital edition (hasidic-stories.org)	auto_UNVERIFIED	1	1	SipurimUmaamarimYekarim	"שמעתי כי בעת שהדפיסו הספר הקדוש מאור עינים מהרה״ק ר׳ נחום הנ""ל בפעם ראשון נסע אז איש אחד ממדינתנו לארץ הקדושה לקבוע דירתו בא״י ולקח עמו הס׳ מאור עינים. …"
895	דובנא	Hasidic Tales digital edition (hasidic-stories.org)	auto_UNVERIFIED	5	3	MaasyiotMzadikeiYesodeiOlam; Smichat-Moshe; shivheiZadikim	"…אפטא שהיה לו עם דוכס אחד מדוכסי פולין. ט) קשיא עפ""י משל ותירוץ עפ״י מעשה ומשל מאת המגיד הנודע הגדול רבי יעקב מדובנא. י) מעשה נורא מאת הגאון בעל הב״ח בעלותו על כס הרבנות דעיר ק""ק קראקא. יא) אגדת ימות המשיח ממדרשי רבותינו. ב) מ…"
8964	דמתא	Hasidic Tales digital edition (hasidic-stories.org)	auto_UNVERIFIED	2	1	shivheiZadikim	"…סוחר הזה ישב לו אצל שולחנו ומעיין בכתבי חושבני׳ מוטרד מאד בחשבונותיו. וכשקרב הרב הגה״ק ר׳ אבושל ז""ל הנ""ל אב""ד דמתא. אליו לבקש ממנו נדבה הגונה בעד העניים לא פנה אליו כלל. לישא לו פנים. כי לא ידע שהוא הרב דמתא דפ""פ דמיין ואלו …"
900	דוקלא	Hasidic Tales digital edition (hasidic-stories.org)	auto_UNVERIFIED	1	1	Shemen-Hatov	… קל״ז כתבתי אשר לעת זקנתו נשא זקיני הגה״ק ר׳ מאיר הלוי מטיקטין אשה שניה. וכ׳ ש״ב הרב המאוה״ג מ׳ אברהם איטנגא מדוקלא אשר שמה של אשתו השניה היתה הרבנית מייטל [בת הג״מ אפרים זלמן ק״ב בהג״מ שאול אבד״ק פינטשוב בהג״מ משה ק״ב אבד״ק …
945	ווינאווי	Hasidic Tales digital edition (hasidic-stories.org)	auto_UNVERIFIED	6	1	Hitgalut-HaZadikim	"…ו שילך להרב הק׳ ר׳ יעקב יצחק הנ""ל ולאמר לו שנגזר עליו מן השמים שיעזוב את דירתו מלאנצהוט ויקבע מקום אהלו בעיר „ווינאווי"" ולמחרת בבוקר השכים האיש הנ""ל בזריזות והלך להרבי ואמר לו בפקודת המלאך המגיד דברים הנ""ל. אולם הרבי לא פנה ולא …"
945	וינא	Hasidic Tales digital edition (hasidic-stories.org)	auto_UNVERIFIED	2	2	Hitgalut-HaZadikim; Shemen-Hatov	"סיפר לי הרב ר׳ הירש מבאלחוב ששמע מפי מגידי אמת שהגאון רבי ר' העשיל ז״ל בשנת ת״ח הלך לעיר ווינא. והיה שם אב""ד מוהר״ר שעפטיל זצ""ל בעהמ״ח ספר ווי העמודים ולא החשיב כ״כ להרבי ר' העשיל. והרבי ר' העשיל שאל ממני…"
945	ווינא	Hasidic Tales digital edition (hasidic-stories.org)	auto_UNVERIFIED	2	1	Derech-Haemuna	…בגדולות ובנפלאות ולהיות רודף הרוח עד חרמה בעזרת האל ביני וביני היה אדונינו מורינו ורבינו מוכרח לפלס דרכו לעיר ווינא וגזר בתוקף גזירתו על האלופים בי׳ דינא רבא ב״ד הגדול דקהלתינו ובפרטות המופלאים שבב״ד האלוף התורני הרבני מוהר״ר…
949	וויניציא	Hasidic Tales digital edition (hasidic-stories.org)	auto_UNVERIFIED	2	2	Derech-Haemuna; Khal-Kdoshim	"…י שעדיין שעדיי לא למדתי חכמת עיבור החודש ואין שום אדם במדינו' הללו ללמוד ממנו. ע״כ אסע מקודם למדינו' איטאליס לוויניציא לחכמי הספרדים שהם בקיאים בחכמ׳ זאת ושם אלמוד מהם החכמה הזאת ונסע תיכף הגאון הנ""ל ולמד אצל החכם אבוהב הספרדי ע…"
949	ווינצי	Hasidic Tales digital edition (hasidic-stories.org)	auto_UNVERIFIED	0	0		
949	וינציאה	Hasidic Tales digital edition (hasidic-stories.org)	auto_UNVERIFIED	1	1	Shemen-Hatov	"קנה) עוד כתב שם במג""י וז""ל ועתה ראה זה מצאתי מעבר לשער מקראות גדולות ד׳ ווינציאה בשנת ש״ב."
953	וארשא	Hasidic Tales digital edition (hasidic-stories.org)	auto_UNVERIFIED	4	4	MaasyiotMzadikeiYesodeiOlam; Maim-Rabim; Tiferet-Hayyim; Toldot-Haniflaot	…ום ושב חזרה לביתו הראשונה ונעשה צדיק גמור עד יום מותו, אשרי אנוש השב להשי״ת בכל לבבו, (זה הוא העתק מפנקס קהל ווארשא:)
9562	ס שמו	Hasidic Tales digital edition (hasidic-stories.org)	auto_UNVERIFIED	1	1	Derech-Haemuna	"…יאל שלי עכ״ל [א״ה הה״ק הזה הוא נכד לזקיני הג׳ מוהרי״ל ליפשיץ זצ״ל וזקינו הג׳ מוה׳ נח זצ״ל האבד״ק טארבין בעהמח״ס שמואל ליפשיץמנחת יהודה על המכריע היה דודו] ומ״כ בשם הה״ק מלובלין זצ״ל כי הרב בעל דודאים בשדה הגה""ק ר׳ ראובן הורוו…"
961	זלאטשוב	Hasidic Tales digital edition (hasidic-stories.org)	auto_UNVERIFIED	32	5	Derech-Haemuna; Hitgalut-HaZadikim; Maim-Rabim; Shemen-Hatov; Shivhei-Habesht	"מעשה נוראה ונפלאה מאוד מרבינו הקדוש איש אלקים רבי יחיאל מיכל צוק""ל מזלאטשוב"
977	דראהביטש	Hasidic Tales digital edition (hasidic-stories.org)	auto_UNVERIFIED	10	4	Derech-Haemuna; Maim-Rabim; Peulat-Hatzadikim; Shemen-Hatov	"קעב) והובא עוד סיפורים מהגה""ק ר' יצחקיל האמבורגר. ומה שהי' בינו ובין הגה״ק ר' יצחקיל מדראהביטש. בס׳ רמתים צופים א״ז אות קט״ז מה שסיפר אודותיו הגה״ק הרבי ר׳ בונם זצ״ל מפרשיסחא. ועוד הובא ממנו ענינים נפלאים…"
977	אהביטש	Hasidic Tales digital edition (hasidic-stories.org)	auto_UNVERIFIED	1	1	Peulat-Hatzadikim	"הה""ק ר׳ ליזר בהגה""ק ר״י חריף ז""ל מאהביטש"
9794	פאנו	Hasidic Tales digital edition (hasidic-stories.org)	auto_UNVERIFIED	2	2	Derech-Haemuna; Shemen-Hatov	… היא משיבת נפש הנפש לגופה וכת התורה תעצור הנפש בתוך הגוף והוא מרחמי השי״ת עכ״ל. ועיין מעשה נורא מפטירת הרמ״ע מפאנו ז״ל מובא בס׳ ברכת אברהם (דף י״א) מבעל דעת קדושים ז״ל :
99	סיגוט	Hasidic Tales digital edition (hasidic-stories.org)	auto_UNVERIFIED	1	1	Derech-Haemuna	ז) כתב בס׳ ייטב פנים מאמר יפה לעינים (אות י״ח) להגה״ג מוה׳ יקתואל יהודה טייטילבוים אבד״ק סיגוט וז״ל למען דעת כל עמי הארץ מעלת צדיקים הק׳ וכו׳ וכי הופיע רוה״ק עליהם וכו׳ אמרתי טוב לחוק בס׳ את אשר שמעתי מפ״…
9948	תלמידו	Hasidic Tales digital edition (hasidic-stories.org)	auto_UNVERIFIED	1	1	Maim-Rabim	…רוב דביקות בוראו כי היה דרכו לילך אנה ואנה עד שפניו הי׳ בוערות כמראה הלפידים ופ״א אמר הגאון הק׳ מוהר״ר יוסף מ תלמידו של אחיו הצדיק מורי זמיגראדוחמי מוהר״ר אברהם מרדכי ראה אחי האיך עקביים של רבינו הק׳ עומדין בג״ע העליון והי׳ צר…
