tag	story_url	story_id	edition	signals	sim	matched_terms	claude_applies	claude_confidence	claude_reasoning	excerpt
kabbalah:kabbalistic_terms_yihudim	https://www.hasidic-stories.org/Story/Mifalot-HaZadikim/Mifalot-HaZadikim_0021	Mifalot-HaZadikim_0021	Mifalot-HaZadikim	embedding	0.958		False	high	The story discusses mesirat nefesh (self-sacrifice) for fellow Jews, not Lurianic yihudim or contemplative unifications of divine names.	ררותו בתשובה נכונה ויעזוב את העגלות עם היי״ג הנ״ל ביד ערלים הנ״ל המובילים אותו וינס ויצא לרבו הנ״ל מ מעזיבוז . והגם שהיה דבר זה סכנה שיפסוד ח״ו כל היין הן אפשר שיכחישו לו הערלים ויאמרו להד״ם או לפחות יפסיד אותו מחמת ניסו
kabbalah:kabbalistic_terms_yihudim	https://www.hasidic-stories.org/Story/Khal-Hasidim/Khal-Hasidim_0086	Khal-Hasidim_0086	Khal-Hasidim	embedding	0.958		False	high	Story concerns the Besht's name, a dying disciple, and Gan Eden — no Lurianic yihudim (unifications of divine names/sefirot) are mentioned.	"Khal-Hasidim_0086 תיוגים מעשה כשבא הבעש״ט לק""ק מעזיבוז לא היה חשוב בעיני החסידים היינו הרה""ק ר' זאב קיצעס והרה""ק ר' דוד פורקעס מחמת השם שקראו אותו בעש״ט כי שם זה אינו נאה לצדיק והיה להם תלמיד הגון וחלה והוא והיא היה איש "
kabbalah:kabbalistic_terms_yihudim	https://www.hasidic-stories.org/Story/Khal-Hasidim/Khal-Hasidim_0202	Khal-Hasidim_0202	Khal-Hasidim	embedding	0.957		False	high	Story concerns tzaddikim's oaths, blessings for children, and heavenly court rulings — no mention of Lurianic yihudim or unifications of divine names.	 הקדוש הסבא קדישא כי יתפלל בעדו להשם ית' שיושיעהו בפרי בטן והצדיק הנזכר היה מדחה אותו בלך ושוב בכל יום פעם אמר לו כ כי יעשה סעודת מרעים להחסידים והמה יברכו אותו אולי יעלה בידם וכן עשה ולא הועילו לו מאומה ובכל פעם בואו לר
kabbalah:kabbalistic_terms_yihudim	https://www.hasidic-stories.org/Story/Khal-Hasidim/Khal-Hasidim_0120	Khal-Hasidim_0120	Khal-Hasidim	embedding	0.957		False	high	Story depicts the Besht removing a heavenly accuser by causing a celibate priest to have a seminal emission; no Lurianic yihudim (unifications of divine names/sefirot) are performed or mentioned.	"Khal-Hasidim_0120 תיוגים פ""א בע""כ קודם כל נדרי נתאספו כל הקהל לבה""מד ועמד הבעש״ט ולא התחיל להתפלל והי' ניכר ממנו שהוא במבוכה רבה ונתעכבו עד בוש וגעו כל העם בבכיה כי הבינו הכל שלא דבר רק הוא אח״ז הביט הרב מהחלון איך שכומר"
kabbalah:kabbalistic_terms_yihudim	https://www.hasidic-stories.org/Story/Mifalot-HaZadikim/Mifalot-HaZadikim_0026	Mifalot-HaZadikim_0026	Mifalot-HaZadikim	embedding	0.957		False	high	The story concerns hidden tzaddikim, secret Torah teachings, and smoking (tobacco/ketoret imagery), but does not depict the performance of Lurianic yihudim (unifications of divine names).	וא נסתר ובאתי לפניו ואמרתי לו רבי למדיני אורחות חיים וכששמע זאת אז מילא פיו בצחוק והיתול ואמר להעומדים עליו השמעתם איש שוטה הזה קורא לי רבי ורוצה להיות בחברתינו הצריכים אנחנו לשוטים כאלו אז ענו כולם בצחוק והיתול ובאמת לא
kabbalah:kabbalistic_terms_yihudim	https://www.hasidic-stories.org/Story/Mifalot-HaZadikim/Mifalot-HaZadikim_0027	Mifalot-HaZadikim_0027	Mifalot-HaZadikim	embedding	0.957		False	high	Story involves hidden tzaddik, loss of mochin, and shabbat atonement, but no Lurianic yihudim are performed or mentioned.	 להרוג אותם הוא רוצה והנה בתוך כך נפתחה דלת אחת מן החדרים המוסגרים החרבים ויצא משם אשם אחת עשירה ומקושטת ויגש לפני רום פני הבעש״ט זי״ע ואמר לו רבי אני מבקש מכם לשבות אצלי בשבת קודש ענה הבעש״ט ואמר שתי פליאות לי אחת האיך 
kabbalah:kabbalistic_terms_yihudim	https://www.hasidic-stories.org/Story/Khal-Hasidim/Khal-Hasidim_0174	Khal-Hasidim_0174	Khal-Hasidim	embedding	0.956		False	high	The story recounts R. Shneur Zalman's biography and imprisonment; it mentions Kabbalah ma'asit as a false accusation and tefillin/divine name permutations (tzerufei havayah) but does not depict Lurianic yihudim.	"רי : פעם אחד בא אליו הר""ש הנ""ל בחג השבועות וירא והנה קאחיל אחת מהתנור רועדת וגם הכסא אשר ישב עליה הרב רועדת וישאל הר""ש את הרב מה זאת ויאמר לו הרב כי היום היה אצלי הבעש״ט הקדוש ומורי הרב המגיד הק' ואנכי לא הכרתי את הבעש״ט"
kabbalah:kabbalistic_terms_yihudim	https://www.hasidic-stories.org/Story/Shivhei-Habesht/Shivhei-Habesht_0203	Shivhei-Habesht_0203	Shivhei-Habesht	embedding	0.956		True	high	The story explicitly describes the Besht diagnosing the rabbi's contemplative kavvanot/yihudim in reciting Shema (a satan blocking his intended unification), a Lurianic-style mystical unification practice.	"Shivhei-Habesht_0203 תיוגים* פ""א נסע הבעש״ט עם תלמידיו והוכרחו ללון ביער אמרו התלמידים התנמידים בבדיחותא נראה הסעודה שיעשה הרב לנו ויאמר הרב לכן ביום מחר אי""ה אעשה לכם סעוד׳ גדולה בכמה מיני מטעמים ולמחרתו באו לעיר גדולה "
kabbalah:kabbalistic_terms_yihudim	https://www.hasidic-stories.org/Story/Khal-Hasidim/Khal-Hasidim_0017	Khal-Hasidim_0017	Khal-Hasidim	embedding	0.956		False	high	Story concerns gilgul (reincarnation) and tikkun for past sins; no mention of yihudim or unifications of divine names.	"ספרו לו גנות ורעות האיש אשר שואל עליו כי היה רשע שאין דומה לו ר""ל : וישא הת""ח ההוא את רגליו וישב לביתו בפחי נפש בלי שום תשוע' כי אם ברפיון כח מרוב הדרך והיגונות אשר מצאתהו עדי בואו לביתו העיר הגדולה אשר שם היה הבעש""ט זלל"
kabbalah:kabbalistic_terms_yihudim	https://www.hasidic-stories.org/Story/Shivhei-Habesht/Shivhei-Habesht_0021	Shivhei-Habesht_0021	Shivhei-Habesht	embedding	0.956		False	high	Story describes Besht's miracles, weeping in prayer, and a rabbi's repentance, but contains no Lurianic yihudim (unifications of divine names).	"Shivhei-Habesht_0021 תיוגים* שמעתי מהרב המפורסם החסיד וחכים דק""ק פולנאה 20 21 שהי' שבחי הבעש״ט 22 שהיה אב""ד בק""ק שאריגראד שמע ש הבעש״ט בא לק""ק מאהליב אמר בלבו אסע גם אני כי לא היה עדיין חסיד ונסע ובא בעש""ק אליו קודם תפיל"
kabbalah:kabbalistic_terms_yihudim	https://www.hasidic-stories.org/Story/Shivhei-Habesht/Shivhei-Habesht_0199	Shivhei-Habesht_0199	Shivhei-Habesht	embedding	0.956		False	high	Story depicts the Besht neutralizing a heavenly accusation via a ruse causing the priest's seminal emission; no Lurianic yihudim (unifications of divine names/sefirot) are performed or mentioned.	"Shivhei-Habesht_0199 תיוגים* פ""א בעי״כ קודם כל נדרי נתאספו כל הקהל לבמ""ד 199 ועמד שבחי הבעש״ט לה ועמד הבעש״ט ולא התחיל להתפלל והי' ניכר ממנו שהוא במבוכה רבה ונתעכבו עד בוש וגעו כל העם בבכי' כי הבינו הכל שלא דבר רק הוא אח"
kabbalah:kabbalistic_terms_yihudim	https://www.hasidic-stories.org/Story/Shivhei-Habesht/Shivhei-Habesht_0193	Shivhei-Habesht_0193	Shivhei-Habesht	embedding	0.956		False	high	Story concerns the Besht detecting a hidden sin (striking one's father) and prescribing penance; no Lurianic yihudim are performed or mentioned.	"Shivhei-Habesht_0193 תיוגים* פ""א הי' הבעש״ט באיזה קהילה והי׳ אכסניאותו על העלי' : פעם א׳ ראה איש א׳ עובר על הרחוב מיד צוה להמשרת שלו רוץ מהר וקרא לי את האיש הזה וירץ הנער ויקרא לו ומתחילה נתפעם לבו ולא רצה לילך ועכ״ז לא "
kabbalah:kabbalistic_terms_yihudim	https://www.hasidic-stories.org/Story/Khal-Hasidim/Khal-Hasidim_0118	Khal-Hasidim_0118	Khal-Hasidim	embedding	0.956		True	medium	The story centers on a kavvanah in Shema that a satanic force was blocking — a Lurianic-style contemplative unification practice, though the term yihud itself is not used.	"Khal-Hasidim_0118 תיוגים פ""א נסע הבעש״ט עם תלמידיו והוכרחו ללון ביער אמרו התלמידים בבדיחותא נראה הסעודה שיעשה הרב לנו ויאמר הרב לכן ביום מחר אי""ה אעשה לכם סעודה גדולה בכמה מיני מטעמים ולמחרתו באו לעיר גדולה והתאכסנו בבית"
kabbalah:kabbalistic_terms_yihudim	https://www.hasidic-stories.org/Story/Khal-Hasidim/Khal-Hasidim_0206	Khal-Hasidim_0206	Khal-Hasidim	embedding	0.955		False	high	Story describes the tzaddik's prostration and advocacy prayer for Israel on Rosh Hashanah; no mention of yihudim or unifications of divine names.	Khal-Hasidim_0206 תיוגים והנה להציע לפני הקורא כל המופתים והנוראות אשר פעל הסבא קדישא בזרוע עוזו אין מן הצו רך כי גלוים וידועים המה לכל ההמון מה גם כי לא יספיק ו העט והנייר והדיו. אבל נציג פרט אחד לדוגמא וקודם נספר מעט ל
kabbalah:kabbalistic_terms_yihudim	https://www.hasidic-stories.org/Story/Maase-Zadikim/Maase-Zadikim_0018	Maase-Zadikim_0018	maase-zadikim	embedding	0.955		False	high	Story is about bitachon (trust in God) and partnership with God through charity; no mention of Lurianic yihudim or unifications of divine names.	דאר על מעשהו מאין לו כח הזה לפעול ישועות. ויכחד הרינדאר ויאמר לא ידעתי דבר וכו' אז הודיעו הרה״ק כי הוא הרב מ אפטא וכי הוא גוזר עליו לגלות א״ע ויען הרינדאר ויאמר מצוה לשמוע דברי חכמים והנני לגלות אזניך ולספר לך כי אך מגוד
kabbalah:kabbalistic_terms_yihudim	https://www.hasidic-stories.org/Story/Shivhei-Habesht/Shivhei-Habesht_0160	Shivhei-Habesht_0160	Shivhei-Habesht	embedding	0.955		False	high	Story involves a Torah scroll ritual to nullify judgments, not Lurianic yihudim of divine names.	"Shivhei-Habesht_0160 תיוגים* מעשה שהיה אב""ד בק""ק באר ואחד מבני העיר חלק עליו ונסע אל השר להקביל עליו ואינו ידוע לי לו אם מעסק הרבנות או מעסק אחר והטה מן הדרך אל הבעש״ט שיתפלל בעדו שיפיק רצונו מן השר והבטיח לו הבעש״ט ונסע"
kabbalah:kabbalistic_terms_yihudim	https://www.hasidic-stories.org/Story/Khal-Hasidim/Khal-Hasidim_0004	Khal-Hasidim_0004	Khal-Hasidim	embedding	0.955		False	high	The story describes the Baal Shem Tov's hidden piety, mikveh practice, Sabbath observance, and revelation — no mention of Lurianic yihudim or contemplative unifications of divine names.	"י לפלא בעיניו ויהי בבוקר וילך לבית התבודדות להתפלל שם כדרכו ובבואו לביתו בא שמח וטוב לב בנשיאת ראש והלך בביתו אנה ואנה לומר אסדר לסעודתא ועשה קדושא רבא כדרכו בדביקות נפלא ובתוך הסעודה ביקש את האורח שיאמר ד""ת. ולא היה יוד"
kabbalah:kabbalistic_terms_yihudim	https://www.hasidic-stories.org/Story/Khal-Hasidim/Khal-Hasidim_0082	Khal-Hasidim_0082	Khal-Hasidim	embedding	0.955		False	high	The story describes the Besht's anguished prayer, a mystical vision of martyrs/R. Akiva, and heavenly decrees, but contains no Lurianic yihudim (unifications of divine names/sefirot).	"ה על מטתה ו הבעש״ט עדיין שוכב על הארץ בפישוט ידים ורגלים ועמד ר' דוד הנ""ל אצל הפתח לראות מה יהי' הסוף ונתיגע לעמוד ולקח ספסל וישב אצל הפתח וכמו חצי לילה שמע שאמר לאשתו תכסה פניך וברגע האיר בחדר והיה מאיר דרך סדקים ואמר ב"
kabbalah:kabbalistic_terms_yihudim	https://www.hasidic-stories.org/Story/Mifalot-HaZadikim/Mifalot-HaZadikim_0009	Mifalot-HaZadikim_0009	Mifalot-HaZadikim	embedding	0.955		False	high	The story describes tzaddikim sweetening divine judgments through prayer, assent, and drinking l'chaim — not Lurianic yihudim (contemplative unifications of divine names).	Mifalot-HaZadikim_0009 תיוגים פ״א באישון לילה ואפילה בשעה ב׳ אחר חצות לילה בא הרב הצדיק והקדוש הנ״ל עם משמשו לבית מדרשו והעיר לכל האנשים הישיני׳ שם (והם ממקורבי׳ המסתופפי׳ בצלו ויושבי׳ שם בבית מדרשו ללמוד תורת ד׳ ועבודתו
kabbalah:kabbalistic_terms_yihudim	https://www.hasidic-stories.org/Story/Mifalot-HaZadikim/Mifalot-HaZadikim_0018	Mifalot-HaZadikim_0018	Mifalot-HaZadikim	embedding	0.955		True	high	The Baal Shem Tov explicitly 'worked with holy Names' (עשה בשמות הקדושים) to extract a hidden secret from the Sitra Achra, a clear instance of kabbalistic yihudim/Name-unifications.	Mifalot-HaZadikim_0018 תיוגים בעהש״ט הקדוש זי״ע הוצרך פ״א לידע איזה סוד וגילו לו שהסוד ההוא כבוש תחת יד הס״מ בעצמו שחטף אותו מעת שגרם החטא. והבין הבעש״ט שאין בידו להוציא השם הנ״ל מת״י רק בהתחברו עם עוד איזה צדיק ויבחר לו
kabbalah:kabbalistic_terms_yihudim	https://www.hasidic-stories.org/Story/Khal-Hasidim/Khal-Hasidim_0140	Khal-Hasidim_0140	Khal-Hasidim	embedding	0.955		False	high	Story describes the Maggid's initiation by the Besht with ma'aseh merkavah and Torah revelation but does not depict performance of Lurianic yihudim (unifications of divine names).	י עמוד ואמר הבעש״ט לא כן הוא אני אומר לפניך ואמר לפניו ובתוך כך נזדעזע וקם ואמר אנחנו עוסקים במעשה מרכבה ואני יושב ואמר בעמידה ובתוך הדבורים שכב אותי במטה כמו עיגול ושוב לא ראיתי אותו רק שמעתי קולות וראיתי ברקים ולפידים 
kabbalah:kabbalistic_terms_yihudim	https://www.hasidic-stories.org/Story/Khal-Hasidim/Khal-Hasidim_0105	Khal-Hasidim_0105	Khal-Hasidim	embedding	0.955		False	high	Story involves soul ascent to heavenly academies and halakhic debate with Rambam, but no Lurianic yihudim (unifications of divine names) are performed or mentioned.	Khal-Hasidim_0105 תיוגים איש א׳ הי׳ מהמקורבים אליו והי׳ דר בכפר והי׳ הרב מקרבו תמיד בכל מיני התקרבות ובימים נוראים הי' אכסניאותו בבית הרב פעם א' בא אל הרב והחזיר פניו ממנו והי' לפלא בעיניו והי' סבור בדעתו אולי מחשבתו משו
kabbalah:kabbalistic_terms_yihudim	https://www.hasidic-stories.org/Story/Maase-Zadikim/Maase-Zadikim_0016	Maase-Zadikim_0016	maase-zadikim	embedding	0.955		False	high	The story concerns tzaddikim's blessings, oaths, and a heavenly court decision; no Lurianic yihudim (unifications of divine names/sefirot) are performed or mentioned.	קדוש הסבא קדישא כי יתפלל בעדו השם ית' שיושיעהו בפרי בטן והצדיק הנזכר היה מדחה אותו בלך ושוב בכל יום פעם אמר לו כי יעשה סעודת מרעים להחסידים והמה יברכו אותו אולי יעלה בידם וכן עשה ולא הועילו לו מאומה ובכל פעם בואו לרבו הק
kabbalah:kabbalistic_terms_yihudim	https://www.hasidic-stories.org/Story/Khal-Hasidim/Khal-Hasidim_0099	Khal-Hasidim_0099	Khal-Hasidim	embedding	0.955		False	high	Story tests the Besht's ruach hakodesh through halakhic and clairvoyant knowledge; no Lurianic yihudim of divine names are performed.	"Khal-Hasidim_0099 תיוגים פ״א בעת אסיפת ד׳ ארצות היה הפרנס הראשון הרב הנגיד המפורסים מ' אברהם אבא הציע הדבר לפני כולם כי הנה נשמע שמע הבעש״ט ולפי הנשמע הוא ע״ה ואיך יכול להיות שיהיה לו רוה""ק כי אין ע""ה חסיד ושלחו מהאסיפה "
kabbalah:kabbalistic_terms_yihudim	https://www.hasidic-stories.org/Story/Khal-Hasidim/Khal-Hasidim_0243	Khal-Hasidim_0243	Khal-Hasidim	embedding	0.954		False	high	Story is about bitachon (trust in God) and a hidden tzaddik partnering with God; no mention of Lurianic yihudim or unifications of divine names.	"ישועות ויכחד הרינדאר ויאמר לא ידעתי דבר וכו' אז הודיעו הרה""ק כי הוא הרב מ אפטא וכי הוא גוזר עליו לגלות א״ע ויען הרינדאר ויאמר מצוה לשמוע דברי חכמים והנני לגלות אזניך ולספר לך כי אך מגודל בטחוני בטחונו בה' אשר עלתה למעלה "
kabbalah:kabbalistic_terms_yihudim	https://www.hasidic-stories.org/Story/Shivhei-Habesht/Shivhei-Habesht_0034	Shivhei-Habesht_0034	Shivhei-Habesht	embedding	0.954		False	high	Story depicts Kabbalistic study and a mystical revelation (Maaseh Merkavah, Zohar) but no specific yihudim (unifications of divine names) are mentioned.	"Shivhei-Habesht_0034 תיוגים* שמעתי מהרב דק""ק דראזניץ שהיה אב""ד בק""ק פאוולויץ המעשה איך נתקרב הרב המגיד הגדול ל הבעש״ט המגיד צום ז' או ח' פעמים משבת לשבת רצופים, וחלה מאוד פ""א בא ר' מענדל מק""ק באר לק' טארטשין ונתאכסן אצל "
kabbalah:kabbalistic_terms_yihudim	https://www.hasidic-stories.org/Story/Khal-Hasidim/Khal-Hasidim_0239	Khal-Hasidim_0239	Khal-Hasidim	embedding	0.954		False	high	Story is about a tzaddik's clairvoyance and rebuking a skeptic; no mention of Lurianic yihudim or unifications of divine names.	ששמעת בעצמך נאצות וגידופים על הרבי ואנכי לעצתך אקשיב ועלה אתי בעגלתי ותחזה כי לא אמצו תודתי והיה בבואינו העירה נלכה שנינו יחד אחוזי יד אל הרבי ותראה כי רבי אך מכבד עשירים ולא ידע את העני אתו בבית יהיה אף אחד חסיד קדוש וט
kabbalah:kabbalistic_terms_yihudim	https://www.hasidic-stories.org/Story/Khal-Hasidim/Khal-Hasidim_0002	Khal-Hasidim_0002	Khal-Hasidim	embedding	0.954		False	high	Story mentions kabbalistic writings, kavanot, and summoning the sar haTorah/sar haEsh, but does not specifically depict Lurianic yihudim (unifications of divine names).	"ו והודיעו הדבר לק""ק בראד לבנו הרב הגדול והק׳ מו""ה גרשון קיטעבר ויבא אל אביו להספידו כד״ת וקיבל כל הכתבים שמצא ת״י ובתוך כך מצא התנאים איך ששידך את בתו שהוא אחותו של הרב מוהר""ג עם איזה איש ששמו ישראל ויהי לפלא בעיניו כי א"
kabbalah:kabbalistic_terms_yihudim	https://www.hasidic-stories.org/Story/Shivhei-Habesht/Shivhei-Habesht_0002	Shivhei-Habesht_0002	Shivhei-Habesht	embedding	0.954		False	high	The story involves kabbalistic writings, descent of angelic princes (shar haTorah/shar haEsh), and mystical practices, but does not depict Lurianic yihudim (unifications of divine names) specifically.	"ץ ממון. וישב לו הנה אבי המנוח ז""ל הי' צדיק מפורסם וצוה עלו לפני הסתלקותו לישא אשה פה ק""ק אקום . ומוכרח אני לקיים כל דבריו. ומיד ותהום כל העיר שהיו לפניו כמה שידוכים ונשתדך עם נגיד א׳, כי נשא חן בעיני כל רואיו. ויהי אחרי "
kabbalah:kabbalistic_terms_yihudim	https://www.hasidic-stories.org/Story/Shivhei-Habesht/Shivhei-Habesht_0096A	Shivhei-Habesht_0096A	Shivhei-Habesht	embedding	0.954		False	high	Story concerns the Mokhiach's preaching travels and Besht's spiritual protection; no mention of Lurianic yihudim or unifications of divine names.	ה וראיתי הבעש״ט ואמר תניחו את תלמידי לדרוש בבה״כ הגדול ואמר שהיה דודו גדול הדור וכמדומה לי ששמו רבי אברהם דעם רבית כי שכחתי שמו ואני הייתי אצלו בשעת מיתתו ושמעתי שציוה לבנו ואמר יעמוד איש ויקרא שמו ישראל בן המילדת תדע שה
kabbalah:kabbalistic_terms_yihudim	https://www.hasidic-stories.org/Story/Shivhei-Habesht/Shivhei-Habesht_0138	Shivhei-Habesht_0138	Shivhei-Habesht	embedding	0.954		False	high	Story is a travel anecdote about the Besht's finances and reception; no mention of Lurianic yihudim or contemplative unifications of divine names.	"ט נסע לדרכו ובאו וכשראו ששהה נסיעתם אמרו אנחנו נלך לבהמ""ד וכשיהי' מוכן לנסוע יתן לנו ר' מאיר ידיעה ונבוא וכן הי' שהודיע להם ובאו ונתן הנגיד ל הבעש״ט בפעם ראשונה א׳ אד""ז וכשבאו וכשבאי פ""ש לקח הבעש״ט אותו א""ז ונתן להנגיד ה"
kabbalah:kabbalistic_terms_yihudim	https://www.hasidic-stories.org/Story/Shivhei-Habesht/Shivhei-Habesht_0112	Shivhei-Habesht_0112	Shivhei-Habesht	embedding	0.954		False	high	Story concerns the Besht's name, a dying disciple, and Gan Eden — no Lurianic yihudim/unifications of divine names depicted.	ידיעה למעל' את מי יכניסו בג״ע והכריחו את החולה שיתן להם ת״כ שיגלה להם איך יתנהגו עמו אחר מותו וכשמת בא להם וגילה להם שהכניסו אותו לג״ע ולא ראה שם הבעש״ט ולא ידע על ידי מי הכניסו אותו אך לא היה לו מקום בג״ע כי כאשר ישב במ
kabbalah:kabbalistic_terms_yihudim	https://www.hasidic-stories.org/Story/Shivhei-Habesht/Shivhei-Habesht_0056	Shivhei-Habesht_0056	Shivhei-Habesht	embedding	0.954		False	high	Story describes the Besht healing a sick man by chasing away the Angel of Death; no mention of yihudim or unifications of divine names.	"Shivhei-Habesht_0056 תיוגים* שמעתי מהרב דקהלתינו שהיה ר׳ ליבש דק""ק מעזיריטש אצל הבעש״ט בימים נוראים וחלה קודם ר""ה ועסק הבעש״ט ברפואתו כל הלילה של ער""ה וגם הלילה של ר""ה ולא ראה סימן מיתה ח""ו כלל וכשהלך לבה״מ בעת התפילה נת"
kabbalah:kabbalistic_terms_yihudim	https://www.hasidic-stories.org/Story/Shivhei-Habesht/Shivhei-Habesht_0181	Shivhei-Habesht_0181	Shivhei-Habesht	embedding	0.954		False	high	Story describes the Besht's clairvoyance and revealing hidden sins; no mention of Lurianic yihudim or unification of divine names.	"Shivhei-Habesht_0181 תיוגים* פ""א בעת אסיפת ד' ארצות הי' הפרנס הראשון הרב הנגיד המפורסם מ׳ אברהם אבא הציע הדבר לפני כולם כי הנה נשמע שמע הבעש״ט ולפי הנשמע הוא ע""ה ואיך יכול להיות שיהי' לו רה״ק כי אין ע""ה חסיד ושלחו מהאסיפ"
kabbalah:kabbalistic_terms_yihudim	https://www.hasidic-stories.org/Story/Mifalot-HaZadikim/Mifalot-HaZadikim_0022	Mifalot-HaZadikim_0022	Mifalot-HaZadikim	embedding	0.953		False	high	The story depicts mystical communion and esoteric Torah discussion but does not mention yihudim (unifications of divine names/sefirot).	מאוד שזכה להתארח אצלו. ויהי כאשר ישבו לאכול שאל החכם הנ״ל את הרב הנ״ל בזה״ל הידעתם את ר׳ ברוך מ מעזביז . אז תיכף נבהל הרב הנ״ל כי ראה בוודאי כי איש קדוש הוא וברוח קדשו יודע מהרב ר׳ ברוך הנ״ל כי איך אפשר לידע מר׳ ברוך כי 
kabbalah:kabbalistic_terms_yihudim	https://www.hasidic-stories.org/Story/Khal-Hasidim/Khal-Hasidim_0026	Khal-Hasidim_0026	Khal-Hasidim	embedding	0.953		False	high	The story describes the Besht's ecstatic prayer and trembling, not Lurianic yichudim; the word יחוד appears only in 'התפלל שם ביחוד' meaning 'prayed alone/in private,' not mystical unifications.	"פעמים ואח״כ רמז שילכו להתפלל לפני התיבה ובא ר' דוד הנ""ל להתפלל כי הוא היה מתפלל בימים נוראים וכשבא סמוך לתיבה התחיל הבעש״ט לבזותו בפני כל עם ועדה ואמר בזה הלשון זקן אשמאי היכן אתה הולך וביזה וגינה אותו ערך חצי שעה והיה ר"
kabbalah:kabbalistic_terms_yihudim	https://www.hasidic-stories.org/Story/Adat-Zadikim/Adat-Zadikim_0023	Adat-Zadikim_0023	Adat-Zadikim	embedding	0.953		False	high	The story concerns humility, hidden righteousness, and Elijah's revelation to R. Chaim; it contains no Lurianic yihudim of divine names or sefirot.	"פחתיך ואתה יקר בעיני מעשרה בנים ומה אתה חסר עמדי על כן תניח מלדבר דברים כאלו ולעגם את נפשי כי כל ימי חיי לא אניחך להפרד מאתי ויבך גם הר""ח ויחשה ולא ענהו מאומה. ובמשך זמן מועט אמר לו אדוני חבירי אל נא תרבה תדבר אלי עוד בד"
kabbalah:kabbalistic_terms_yihudim	https://www.hasidic-stories.org/Story/Shivhei-Habesht/Shivhei-Habesht_0097	Shivhei-Habesht_0097	Shivhei-Habesht	embedding	0.953		False	high	The story depicts the Besht's mystical intercession, weeping, and communication with martyred souls, but contains no Lurianic yihudim (unifications of divine names/sefirot).	"כבה על מיטתה ו הבעש״ט עדיין שוכב על הארץ בפישוט ידים ורגלים ועמד ר' דוד הנ""ל אצל הפת׳ לראו' מה יהיה הסוף ונתיגע לעמוד ולקח ספסל וישב אצל הפתח וכמו חצי לילה שמע שאמר לאשתו תכסה פניך וברגע האיר בחדר והיה מאיר דרך סדקים ואמ"
kabbalah:kabbalistic_terms_yihudim	https://www.hasidic-stories.org/Story/Shivhei-Habesht/Shivhei-Habesht_0055	Shivhei-Habesht_0055	Shivhei-Habesht	embedding	0.953		False	high	Story concerns a heavenly tribunal judging a tax-farmer accused by Samael; no yihudim or unifications of divine names appear.	"Shivhei-Habesht_0055 תיוגים* עוד שמעתי מר׳ זעליג הנ""ל ששמע מר' שניא' בן לאותו צדיק מ' משה שהי׳ מ״מ בק""ק ראשקוב שרא' בק""ק לאדמיר כת""י מרב אחד שחיב' ספר ת""יעי ושם נאמר שראה המחבר בחלום שנכנס להיכל אחד בגן עדן וראה שהוא מפו"
kabbalah:kabbalistic_terms_yihudim	https://www.hasidic-stories.org/Story/Shivhei-Harav/Shivhei-Harav_0006	Shivhei-Harav_0006	Shivhei-Harav	embedding	0.953		False	high	Story describes a visit by the Besht and Maggid, sharing Torah and blessings, with no mention of Lurianic yihudim or contemplative unifications of divine names.	"Shivhei-Harav_0006 תיוגים וא""ו פעם אחד בא אליו הר""ש הנ""ל בחג השבועות וירא והנה קאחיל אחת מהתנור רועדת וגם הכסא אשר ישב עליה הרב רועדת וישאל הר״ש את הרב מה זאת ויאמר לו הרב כי היום היה אצלי הבעש""ט הקדוש ומורי הרב המגיד הק"
kabbalah:kabbalistic_terms_yihudim	https://www.hasidic-stories.org/Story/Shivhei-Habesht/Shivhei-Habesht_0207	Shivhei-Habesht_0207	Shivhei-Habesht	embedding	0.953		False	high	Story describes Besht's death with kavanot and mystical practices but does not specifically depict Lurianic yihudim (unifications of divine names).	"וצוה שיעמדו סביב מטתו ואמר להם ד״ת על עמוד שעולין מג״ע תחתון לג״ע עליון וכן בכל עולם ועול' האיך הוא בעש""ן ובביאור על סדר עבודה וצוה להם לאמר ויהי נועם ושכב וישב כמה פעמים וכיוון בכוונות עד שלא שמעו חיתוך אותיות וציווה לכ"
kabbalah:kabbalistic_terms_yihudim	https://www.hasidic-stories.org/Story/Khal-Hasidim/Khal-Hasidim_0190	Khal-Hasidim_0190	Khal-Hasidim	embedding	0.953		False	high	The story describes the tzaddik's death with mystical imagery ('chad ketira itkatar') but does not depict Lurianic yihudim (contemplative unifications of divine names).	Khal-Hasidim_0190 תיוגים אולם בחורף ההוא בעוה״ר סגר הרב את ימיו בהיותו בדרך בחורף שנת תקע״ז אשר בברחו מפני הצרפתים סבב נסיעתו פלך חארקעוו ב ראסייע ושם שכר הרב דירה בכפר הרחוקה מעיר אדיץ ששה פרסאות ושם ראו ממנו נוראות ונפ
kabbalah:kabbalistic_terms_yihudim	https://www.hasidic-stories.org/Story/Khal-Hasidim/Khal-Hasidim_0046	Khal-Hasidim_0046	Khal-Hasidim	embedding	0.953		False	high	Story describes the Baal Shem Tov chasing away the Angel of Death to heal R. Leibush; no mention of yihudim or contemplative unifications of divine names.	"Khal-Hasidim_0046 תיוגים שמעתי מהרב דקהלתינו שהיה הר׳ ליבש דק""ק מעזריטש אצל הבעש״ט בימים נוראים וחלה קודם ר״ה ועסק הבעש״ט ברפואתו כל הלילה של ער""ה וגם הלילה של ר""ה ולא ראה סימן מיתה ח""ו כלל וכשהלך לבהמ״ד בעת התפילה נתערב"
kabbalah:kabbalistic_terms_yihudim	https://www.hasidic-stories.org/Story/Khal-Hasidim/Khal-Hasidim_0111	Khal-Hasidim_0111	Khal-Hasidim	embedding	0.953		False	high	Story is about the Besht detecting a sin and assigning repentance; no mention of yihudim or unification of divine names.	"Khal-Hasidim_0111 תיוגים פ""א היה הבעש""ט באיזה קהילה והי' אכסניתו על העלי' פעם א' ראה איש א' עובר על הרחוב מיד צוה להמשרת שלו רוץ מהר וקרא לי את האיש הזה וירץ הנער ויקרא לו ומתחילה נתפעם לבו ולא רצה לילך ועכ""ז לא יכול להע"
kabbalah:kabbalistic_terms_yihudim	https://www.hasidic-stories.org/Story/Shivhei-Habesht/Shivhei-Habesht_0013	Shivhei-Habesht_0013	Shivhei-Habesht	embedding	0.953		False	high	Story describes a dream-vision drawing the maggid to the Besht's teaching; no Lurianic yihudim (unifications of divine names/sefirot) are mentioned.	 הי' הולך בעצמו ל הבעש״ט אך שזוכר ההרחקה שהרחיקו המשרת בחלום ומתיירא מאד פן יהי' בהקיץ ג״כ ודי לו חרפה ובוז והי׳ כך כל היום בצער גדול . ויהי בעת סעודה שלישית צוה הבעש'ט : לכו לבית הנגיד הידוע וקראו לי את המלמד שיבא לכאן 
kabbalah:kabbalistic_terms_yihudim	https://www.hasidic-stories.org/Story/Shivhei-Habesht/Shivhei-Habesht_0135	Shivhei-Habesht_0135	Shivhei-Habesht	embedding	0.953		False	high	The story concerns the Baal Shem Tov taking away and restoring a rabbi's Torah learning; no Lurianic yichudim (unifications of divine names) are depicted.	"וף השולחן וגער בו הבעש״ט בזה""ל אני שונא ענוותן בא ושב בכאן והתחיל הרב להחזיר הדרשה ורבי מיכל מקשה ורבי זאב מפלפל עמו עד שנצחו והיה רבי מיכל בוש בדבר ועמד על זה אע""פ שהי׳ עקום ולא רצה להודות על האמת התחיל הבעש״ט לבקש ואמ׳"
kabbalah:kabbalistic_terms_yihudim	https://www.hasidic-stories.org/Story/Khal-Hasidim/Khal-Hasidim_0214	Khal-Hasidim_0214	Khal-Hasidim	embedding	0.953		False	high	Story is about Reb Zusha praying for fear of God; no mention of Lurianic yihudim or unifications of divine names.	"Khal-Hasidim_0214 תיוגים ספרו עליו על הרב הקדוש מוה' זושא מ האנפלע אחי הרה""ק בעל נועם אלימלך שהיה מבקש תמיד לי רא את השם ו כל ימיו היה מתפלל להשם ב""ה וב""ש שיפחד ויירא ממנו. פ""א היה מתפלל על עצמו שתהיה לו יראה גדולה ונפלא"
kabbalah:kabbalistic_terms_yihudim	https://www.hasidic-stories.org/Story/Khal-Hasidim/Khal-Hasidim_0253	Khal-Hasidim_0253	Khal-Hasidim	embedding	0.953		False	high	Story depicts humility, hidden tzaddik, and revelation of Elijah, but contains no Lurianic yihudim/unifications of divine names.	"לחה עשירית מזה כי תוכל ליקח את הרב הגדול ר""ח לחתן לך כי כן וכן הגיד לי ואנכי ידעתי כי יש לך בת בתולה הגונה וגם בית מיוחדת בחצר אך ספרים שאין לך לכ ע""כ ראה מה תעשה והזהר לא לגלות הדבר והי' זריז בזה כי יבא יום אשר יבא רבינ"
kabbalah:kabbalistic_terms_yihudim	https://www.hasidic-stories.org/Story/Shivhei-Habesht/Shivhei-Habesht_0014	Shivhei-Habesht_0014	Shivhei-Habesht	embedding	0.953		False	high	The story describes the Baal Shem Tov using the Zohar for clairvoyant vision, not performing Lurianic yihudim (unifications of divine names).	"Shivhei-Habesht_0014 תיוגים* בק""ק הנ""ל הי' סוחר א' גדול והוא הי' מאותן אנשים שהיו עדיין נגד הבעש״ט והי׳ להסוחר הנ""ל בן יחיד חכם ומופלג בלמוד ובשארי מעלות, פ""א נסע הבן יחיד לברעסל' אחר סחורה ודרכו היה להתעכב לתעכב בנסיע׳ "
kabbalah:kabbalistic_terms_yihudim	https://www.hasidic-stories.org/Story/Shivhei-Habesht/Shivhei-Habesht_0187	Shivhei-Habesht_0187	Shivhei-Habesht	embedding	0.953		True	medium	The story describes the Baal Shem Tov's 'aliyat neshama' during Friday minha — a contemplative ascent to upper heikhalot characteristic of Lurianic yihudim practice, though the specific term yihudim is not used.	Shivhei-Habesht_0187 תיוגים* איש א' הי' מהמקורבים אליו והי׳ דר בכפר והי׳ הרב מקרבו תמיד בכל מיני התקרבות ובימים נוראים הי\u0027 ה' אכסניאתו אכסניאותו בבית הרב פעם א׳ בא אל הרב והחזיר פניו ממנו והי׳ לפלא בעיניו והי' סבור 
kabbalah:kabbalistic_terms_yihudim	https://www.hasidic-stories.org/Story/Khal-Hasidim/Khal-Hasidim_0097	Khal-Hasidim_0097	Khal-Hasidim	embedding	0.953		False	high	The story is about a man stranded in the field on Yom Kippur whose prayers the Besht needed to elevate; no Lurianic yihudim are mentioned or performed.	"Khal-Hasidim_0097 תיוגים פ""א נסע א׳ על יוה״כ ל הבעש״ט והנה יום קודם עי""כ נסע האיש כל היום וכל הלילה בכדי למהר נסיעתו לשם ובא לאור הבוקר של עי״כ א׳ פרסה סמוך לעיר מ מעזיבוז אז אמר בנפשו הנה הוא סמוך לעיר מעזיבוז והסוס נתי"
kabbalah:kabbalistic_terms_yihudim	https://www.hasidic-stories.org/Story/Shivhei-Habesht/Shivhei-Habesht_0091	Shivhei-Habesht_0091	Shivhei-Habesht	embedding	0.953		False	high	The story describes visits to graves, prayer, intrusive thoughts, and death, but contains no mention of Lurianic yihudim or unifications of divine names.	"Shivhei-Habesht_0091 תיוגים* שמעתי מהרב דקהלתינו כשרצה ר׳ נחמן לנסוע פ""ש לאה״ק הלך על קבר של הבעש""ט עם ר׳ יוסף מ קאמינקע וכשחזר מב""ע שמח שמחה גדולה ואמר הבעש״ט ציוה לי לנסוע לאה״ק תמה מאוד ר' יוסף ואמר והיכן דיבר עמכם תמ"
kabbalah:kabbalistic_terms_yihudim	https://www.hasidic-stories.org/Story/Khal-Hasidim/Khal-Hasidim_0127	Khal-Hasidim_0127	Khal-Hasidim	embedding	0.953		False	medium	The story mentions the Besht teaching his son a divine Name to meditate upon for contact, but does not explicitly depict a yihud (unification of divine names/sefirot) in the Lurianic sense.	"Khal-Hasidim_0127 תיוגים שמעתי כשמתה אשתו של רבינו הקדוש הבעש״ט זללה""ה אמרו לו אנשיו וב״ב שישא אשה אחרת והשיבם הבעש״ט בלשון תימה אני הייתי פרוש י""ד שנה במטה ולאשה אני צריך. וביום מותו היה בנו הקדוש מו' צבי ישן ואמרו ל הב"
kabbalah:kabbalistic_terms_yihudim	https://www.hasidic-stories.org/Story/Sipurei-Zadikim/Sipurei-Zadikim_0006	Sipurei-Zadikim_0006	Sipurei-Zadikim	embedding	0.953		False	high	Story concerns a tzaddik's prayer conduct and a dispute over mocking other rebbes; no mention of Lurianic yihudim or unifications of divine names.	". אבל מחמת כי הוא נתגדל אצל רבם כבנו שתקו ממנו ולא אמר לו דבר : ויהי כי נתיחמה לבב האיש הנ""ל ויכנוס להר״ר ר׳ ליב ויאמר לו אבי השמעת כי ברוך ו אפרים מתכנים עצמם בשם הגדול רבי ומפרסמים ומפרסים שמם בעולם ולא ענהו הרב דבר. א"
kabbalah:kabbalistic_terms_yihudim	https://www.hasidic-stories.org/Story/Mifalot-HaZadikim/Mifalot-HaZadikim_0007	Mifalot-HaZadikim_0007	Mifalot-HaZadikim	embedding	0.953		False	high	Story is about a shochet's knife and ritual slaughter; no mention of Lurianic yihudim or contemplative unifications of divine names.	 למסיבה אחת על סעוד׳ שבת הבאה כי הדבר הזה היה בעש״ק וכך עלתה להם שישבו במסיבה אחת בכל סעודות שבת הרב הצדיק מוה׳ מדרכי הנ״ל עם הרב מוה׳ יהושע הנ״ל : נחזור לענינינו כאשר ראה מוהר״י הנ״ל שהוכרח לשבות בעיר הזאת ולסעוד שם ויצ
kabbalah:kabbalistic_terms_yihudim	https://www.hasidic-stories.org/Story/Khal-Hasidim/Khal-Hasidim_0032	Khal-Hasidim_0032	Khal-Hasidim	embedding	0.953		False	high	Story describes the Baal Shem Tov, smoking, weeping in prayer, travels, and a preacher's conflict, but contains no Lurianic yihudim or contemplative unifications of divine names.	"Khal-Hasidim_0032 תיוגים שמעתי מ הרב הגאון הקדוש המפורסם דק""ק פולנאי שהיה אב""ד בק""ק שאריגאד ששמע ש הבעש״ט בא לק""ק מאהליב אמר בלבו אסע גם אני כי לא הי׳ עדיין חסיד ונסע ובא בעש""ק אליו קודם תפלות בוקר וראה ש הבעש״ט עשן לולק"
kabbalah:kabbalistic_terms_yihudim	https://www.hasidic-stories.org/Story/Mifalot-HaZadikim/Mifalot-HaZadikim_0014	Mifalot-HaZadikim_0014	Mifalot-HaZadikim	embedding	0.952		False	high	Story features a hidden tzaddik, Elijah's revelation, and a midrashic interpretation of David/Sodom, but no Lurianic yihudim are performed or mentioned.	ע״כ והמדרש סתום וחתום ענהו הזקן הנ״ל כך תנינין במתיבתא דרקיע בסד״ם הוא נוטריקון בסעודתא דדוד מלכה. פי׳ בסעודה זו שהתקין מצאתי אותו מהימן לפני : וכאשר שמע זאת הבעה״ב ברח מן הכותל וינס לביתו בפחי נפש ולא היה יכול לישן כל ה
kabbalah:kabbalistic_terms_yihudim	https://www.hasidic-stories.org/Story/Shivhei-Habesht/Shivhei-Habesht_0066	Shivhei-Habesht_0066	Shivhei-Habesht	embedding	0.952		False	high	Story describes the Besht perceiving a pillar of Torah light from R. Shimshon's merit; no mention of Lurianic yihudim or unifications of divine names.	"Shivhei-Habesht_0066 תיוגים* שמעתי מהרב דקהלתינו ש הבעש״ט לא רצה להיות להות בק""ק אנעפאליע כי אמר אין לי שם שום עסק כי כבר תיקן שם ר׳ שמשון דק""ק הנ""ל כל מה שהיה צריך פ""א שבת בק""ק הנ""ל ר׳ גרשון גיסו ובא משם ואמר לבעש״ט השג"
kabbalah:kabbalistic_terms_yihudim	https://www.hasidic-stories.org/Story/Khal-Hasidim/Khal-Hasidim_0169	Khal-Hasidim_0169	Khal-Hasidim	embedding	0.952		False	high	The story concerns a tzaddik's conduct, a dispute over honoring R. Baruch and R. Ephraim, and a rebuke — no mention of Lurianic yihudim or unifications of divine names.	"ם כבנו שתקו ממנו ולא אמרו לו דבר : ויהי כי נתיחמה לבב האיש הנ""ל ויכנוס להר""ר ר׳ ליב ויאמר לו לי אבי השמעת כי ברוך ואפרים מתכנים עצמם בשם הגדול רבי ומפרסמים שמם בעולם ולא ענהו הרב דבר אולם לעת תפילת ערבית קרא הרב לאיש אחר"
kabbalah:kabbalistic_terms_yihudim	https://www.hasidic-stories.org/Story/Khal-Hasidim/Khal-Hasidim_0021	Khal-Hasidim_0021	Khal-Hasidim	embedding	0.952		False	high	The story describes the Besht reciting Psalms and achieving devekut with a surrounding light, but does not depict performing Lurianic yihudim (unifications of divine names/sefirot).	" אני אשה בטרם אלביש א״ע ואתכסה בצעיף יבער יותר ותתחזק האש ר""ל ימחול הרב עב""ה כי מים יש אצלו ויכבה ולקח הכלי עם מים השופכין והלך לכבות האש וכשבא לתנור ראה ש הבעש""ט יושב ואור זורח עליו ואמר לי רב מפה לאוזן כי האור עמד עליו"
kabbalah:kabbalistic_terms_kavvanot	https://www.hasidic-stories.org/Story/Mifalot-HaZadikim/Mifalot-HaZadikim_0006	Mifalot-HaZadikim_0006	Mifalot-HaZadikim	embedding+lexical	0.959	כוונות כוונת	False	high	Story is about hospitality (hachnasat orchim) and a blessing for a son; no mention of Lurianic kavvanot or mystical prayer intentions.	ם האלו פ׳ ופ׳ יאמרו אלו הקיפיטליך תלים פ׳ ופ׳ ויכוונו באלו הכוונות ויתענו כך וכך תעניתים ויתפללו אלו ואלו התפילות אזי כשיבוא קץ הבירור והתיקון השייך להם אז ברגע אחת יתעקר הספינה מעצמה אל תוך ים הצלול ויהי כאשר ראה הרב כת
kabbalah:kabbalistic_terms_kavvanot	https://www.hasidic-stories.org/Story/Shivhei-Habesht/Shivhei-Habesht_0050A	Shivhei-Habesht_0050A	Shivhei-Habesht	embedding+lexical	0.959	כוונת	False	high	The כוונה mentioned is the cantor's lustful intention to please women, not Lurianic kavvanot in prayer.	"הכ והי׳ לו משורר שקורין באס והי׳ נואף גדול ובעת מזמרותו הי׳ כוונתו שיטיב בעיני הנשים והי׳ לו הירהור וגם הנשים הרהרו עליו ומשני ההרהורים הללו נבראו אנחנו שני מזיקים זכר ונקבה וחיינו הוא בב""הכ אז נתן להם הבעש״ט מקום אצל בא"
kabbalah:kabbalistic_terms_kavvanot	https://www.hasidic-stories.org/Story/Shivhei-Habesht/Shivhei-Habesht_0197	Shivhei-Habesht_0197	Shivhei-Habesht	embedding+lexical	0.958	כוונת	True	high	The story explicitly depicts the Baal Shem Tov 'מיחד יחודים' (performing yichudim/kavvanot) with his face burning like torches, a classic Lurianic mystical practice.	" בהמות ועופות ושיחת דקלים מצד שנצרך לו זה לתוכחה ומאחר שהיה כוונתו לש""ש נגמר בדעתו ליסע ל הבעש״ט ולבקש ממנו שילמד אותו חכמות הנ""ל והי׳ בדעתו שבוודאי ימלא הבעש״ט רצונו בזה מאחר שכוונתו לש""ש והנה בבואו ל הבעש״ט לחדר שלו וה"
kabbalah:kabbalistic_terms_kavvanot	https://www.hasidic-stories.org/Story/Shivhei-Habesht/Shivhei-Habesht_0203	Shivhei-Habesht_0203	Shivhei-Habesht	embedding+lexical	0.958	כוונה	True	high	The story explicitly discusses kavvanot in Shema Yisrael (כוונה בשמע ישראל) as a mystical practice, with the Besht diagnosing a spiritual blockage during kavvanah and prescribing remedy.	יבל ע״ע בלב שלם שלא ישוב לכסלה ואמר הבעש״ט כהיום תנסה לכוון כוונה זו ותראה כי כאשר שב ורפא לו וכן הוה ומיד נטל את הבעש״ט בידו והושיבו בראש הקרואים וגם 202 203 יח כל שבחי הבעש״ט 204 205 כל תלמידיו הסיבו בראש: וכיבדו אותם 
kabbalah:kabbalistic_terms_kavvanot	https://www.hasidic-stories.org/Story/Khal-Hasidim/Khal-Hasidim_0185	Khal-Hasidim_0185	Khal-Hasidim	embedding+lexical	0.958	כיון	False	high	The story depicts the rebbe saving a Jewish boy through repeated Torah discourses and miraculous wind, with no mention of Lurianic kavvanot or mystical intentions tied to specific prayer words.	וצדעיו במפחת במטפחת יצא מחדר רבינו והבינו כל החסידים כי הרב כיון באומר תיתי לי כי הצלתי כו' זכותם יעלינו ועל כל ישראל אמן :
kabbalah:kabbalistic_terms_kavvanot	https://www.hasidic-stories.org/Story/Mifalot-HaZadikim/Mifalot-HaZadikim_0026	Mifalot-HaZadikim_0026	Mifalot-HaZadikim	embedding	0.966		False	high	Story involves hidden tzaddik, esoteric Torah teachings, and smoking ketoret-like incense, but does not depict or discuss Lurianic kavvanot attached to specific prayer words or ritual acts.	וא נסתר ובאתי לפניו ואמרתי לו רבי למדיני אורחות חיים וכששמע זאת אז מילא פיו בצחוק והיתול ואמר להעומדים עליו השמעתם איש שוטה הזה קורא לי רבי ורוצה להיות בחברתינו הצריכים אנחנו לשוטים כאלו אז ענו כולם בצחוק והיתול ובאמת לא
kabbalah:kabbalistic_terms_kavvanot	https://www.hasidic-stories.org/Story/Khal-Hasidim/Khal-Hasidim_0026	Khal-Hasidim_0026	Khal-Hasidim	embedding	0.963		False	high	Story depicts intense ecstatic prayer (trembling, Shechina presence) but does not mention Lurianic kavvanot or specific mystical intentions assigned to prayer words.	"פעמים ואח״כ רמז שילכו להתפלל לפני התיבה ובא ר' דוד הנ""ל להתפלל כי הוא היה מתפלל בימים נוראים וכשבא סמוך לתיבה התחיל הבעש״ט לבזותו בפני כל עם ועדה ואמר בזה הלשון זקן אשמאי היכן אתה הולך וביזה וגינה אותו ערך חצי שעה והיה ר"
kabbalah:kabbalistic_terms_kavvanot	https://www.hasidic-stories.org/Story/Mifalot-HaZadikim/Mifalot-HaZadikim_0027	Mifalot-HaZadikim_0027	Mifalot-HaZadikim	embedding	0.963		False	high	Story features Besht losing his mochin and a hidden tzaddik, but contains no explicit Lurianic kavvanot attached to prayer words or ritual actions.	 להרוג אותם הוא רוצה והנה בתוך כך נפתחה דלת אחת מן החדרים המוסגרים החרבים ויצא משם אשם אחת עשירה ומקושטת ויגש לפני רום פני הבעש״ט זי״ע ואמר לו רבי אני מבקש מכם לשבות אצלי בשבת קודש ענה הבעש״ט ואמר שתי פליאות לי אחת האיך 
kabbalah:kabbalistic_terms_kavvanot	https://www.hasidic-stories.org/Story/Shivhei-Habesht/Shivhei-Habesht_0112	Shivhei-Habesht_0112	Shivhei-Habesht	embedding	0.962		False	high	Story concerns the Besht's hidden status, a dying disciple, and Gan Eden — no mention of Lurianic kavvanot or mystical intentions in prayer/ritual.	ידיעה למעל' את מי יכניסו בג״ע והכריחו את החולה שיתן להם ת״כ שיגלה להם איך יתנהגו עמו אחר מותו וכשמת בא להם וגילה להם שהכניסו אותו לג״ע ולא ראה שם הבעש״ט ולא ידע על ידי מי הכניסו אותו אך לא היה לו מקום בג״ע כי כאשר ישב במ
kabbalah:kabbalistic_terms_kavvanot	https://www.hasidic-stories.org/Story/Khal-Hasidim/Khal-Hasidim_0202	Khal-Hasidim_0202	Khal-Hasidim	embedding	0.961		False	high	Story concerns vows, prayer for children, and Passover seder hospitality; no mention of Lurianic kavvanot attached to specific prayer words or ritual acts.	 הקדוש הסבא קדישא כי יתפלל בעדו להשם ית' שיושיעהו בפרי בטן והצדיק הנזכר היה מדחה אותו בלך ושוב בכל יום פעם אמר לו כ כי יעשה סעודת מרעים להחסידים והמה יברכו אותו אולי יעלה בידם וכן עשה ולא הועילו לו מאומה ובכל פעם בואו לר
kabbalah:kabbalistic_terms_kavvanot	https://www.hasidic-stories.org/Story/Khal-Hasidim/Khal-Hasidim_0086	Khal-Hasidim_0086	Khal-Hasidim	embedding	0.961		False	high	Story concerns the Baal Shem Tov's authority, a dying disciple, and Gan Eden — no mention of Lurianic kavvanot in prayer or ritual.	"Khal-Hasidim_0086 תיוגים מעשה כשבא הבעש״ט לק""ק מעזיבוז לא היה חשוב בעיני החסידים היינו הרה""ק ר' זאב קיצעס והרה""ק ר' דוד פורקעס מחמת השם שקראו אותו בעש״ט כי שם זה אינו נאה לצדיק והיה להם תלמיד הגון וחלה והוא והיא היה איש "
kabbalah:kabbalistic_terms_kavvanot	https://www.hasidic-stories.org/Story/Khal-Hasidim/Khal-Hasidim_0004	Khal-Hasidim_0004	Khal-Hasidim	embedding	0.961		False	high	Story depicts Besht's hidden righteousness, mikveh, prayer in seclusion, and revelation, but contains no mention of Lurianic kavvanot or mystical intentions tied to specific prayer words/actions.	"י לפלא בעיניו ויהי בבוקר וילך לבית התבודדות להתפלל שם כדרכו ובבואו לביתו בא שמח וטוב לב בנשיאת ראש והלך בביתו אנה ואנה לומר אסדר לסעודתא ועשה קדושא רבא כדרכו בדביקות נפלא ובתוך הסעודה ביקש את האורח שיאמר ד""ת. ולא היה יוד"
kabbalah:kabbalistic_terms_kavvanot	https://www.hasidic-stories.org/Story/Shivhei-Habesht/Shivhei-Habesht_0034	Shivhei-Habesht_0034	Shivhei-Habesht	embedding	0.961		False	high	Story describes the Maggid's first encounter with the Besht, mystical revelations (Maaseh Merkavah, Zohar), but does not mention Lurianic kavvanot assigned to prayer words or ritual actions.	ותו וגער בו הבעש״ט ואמר אין סוסי' שלי אוכלים מצות ונפל עליו זיעה מחמת חולשה ויצא לחוץ וישב על האצטבא שלפני הבית לנוח וראה איש אחד רך בשנים וקרא אותו אליו ואמר לו בבקשה ממך לך אל הבעש״ט ואמור לו למה אינו מקיים הפסוק ואהבת
kabbalah:kabbalistic_terms_kavvanot	https://www.hasidic-stories.org/Story/Shivhei-Habesht/Shivhei-Habesht_0193	Shivhei-Habesht_0193	Shivhei-Habesht	embedding	0.961		False	high	Story concerns repentance for striking a father; no mention of Lurianic kavvanot or mystical intentions in prayer.	"Shivhei-Habesht_0193 תיוגים* פ""א הי' הבעש״ט באיזה קהילה והי׳ אכסניאותו על העלי' : פעם א׳ ראה איש א׳ עובר על הרחוב מיד צוה להמשרת שלו רוץ מהר וקרא לי את האיש הזה וירץ הנער ויקרא לו ומתחילה נתפעם לבו ולא רצה לילך ועכ״ז לא "
kabbalah:kabbalistic_terms_kavvanot	https://www.hasidic-stories.org/Story/Khal-Hasidim/Khal-Hasidim_0140	Khal-Hasidim_0140	Khal-Hasidim	embedding	0.96		False	high	The story describes mystical revelation, Maaseh Merkavah study, and Torah transmission, but does not depict prayer with specific Lurianic kavvanot or discuss kavvanot as a concept.	" אותו וגער בו הבעש״ט ואמר אין סוסים שלי אוכלות מצות ונפל עליו זיעה מחמת חולשה ויצא לחוץ וישב על האצטבא שלפני הבית לנוח וראה איש אחד רך בשנים וקרא אותו אליו ואמר לו לי בבקשה ממך לך אל הבעש""ט ואמור למה אינו מקיים הפסוק ואה"
kabbalah:kabbalistic_terms_kavvanot	https://www.hasidic-stories.org/Story/Shivhei-Habesht/Shivhei-Habesht_0021	Shivhei-Habesht_0021	Shivhei-Habesht	embedding	0.96		False	high	Story describes Besht's prayer, weeping, and conflicts but contains no mention of Lurianic kavvanot or mystical intentions on specific prayer words.	"Shivhei-Habesht_0021 תיוגים* שמעתי מהרב המפורסם החסיד וחכים דק""ק פולנאה 20 21 שהי' שבחי הבעש״ט 22 שהיה אב""ד בק""ק שאריגראד שמע ש הבעש״ט בא לק""ק מאהליב אמר בלבו אסע גם אני כי לא היה עדיין חסיד ונסע ובא בעש""ק אליו קודם תפיל"
kabbalah:kabbalistic_terms_kavvanot	https://www.hasidic-stories.org/Story/Shivhei-Habesht/Shivhei-Habesht_0005B	Shivhei-Habesht_0005B	Shivhei-Habesht	embedding	0.96		False	high	Story describes Besht's revelation, hitbodedut, and miracles but no explicit mention of Lurianic kavvanot during prayer or ritual.	"כא""וא כפי מעלתו ו הבעש״ט נכנס באחרונה וכשראתה אותו ואמרה ב""ה ר׳ ישראל כ' עדיין רך בשנים אמרה לו אתה סבור שאני מפחד ממך לא כי אני ידעתי שהזהירו אותך מן השמי' שלא לעסוק בשמות הקדושים עד שישתלמו לך ששה ושלשים שנה והוא הי׳ נ"
kabbalah:kabbalistic_terms_kavvanot	https://www.hasidic-stories.org/Story/Khal-Hasidim/Khal-Hasidim_0120	Khal-Hasidim_0120	Khal-Hasidim	embedding	0.96		False	high	Story describes the Besht removing a heavenly accusation through a clever ruse, with no mention of Lurianic kavvanot in prayer or ritual.	"Khal-Hasidim_0120 תיוגים פ""א בע""כ קודם כל נדרי נתאספו כל הקהל לבה""מד ועמד הבעש״ט ולא התחיל להתפלל והי' ניכר ממנו שהוא במבוכה רבה ונתעכבו עד בוש וגעו כל העם בבכיה כי הבינו הכל שלא דבר רק הוא אח״ז הביט הרב מהחלון איך שכומר"
kabbalah:kabbalistic_terms_kavvanot	https://www.hasidic-stories.org/Story/Adat-Zadikim/Adat-Zadikim_0023	Adat-Zadikim_0023	Adat-Zadikim	embedding	0.96		False	high	Story concerns humility, hidden piety, and a revelation by Elijah; no mention of Lurianic kavvanot or mystical intentions in prayer.	" וגם בעת ההתקשרות היו רק שלשתם ולא ידע שום אדם מזה ויצוה הר""ח שילכו לביתם ויחכו עד עת מועד אחרי ביאת רבינו מדרכו ויראה איך יפול דבר : ויהי כבוא רבינו מדרכו וישאל לשלום חבירו וינשק לו ויראה אס את פניו זועפות ויאמר לו ידיד"
kabbalah:kabbalistic_terms_kavvanot	https://www.hasidic-stories.org/Story/Shivhei-Habesht/Shivhei-Habesht_0077	Shivhei-Habesht_0077	Shivhei-Habesht	embedding	0.959		False	high	Story describes the Besht's illness, a question about praying for the sick, and a mystical visitation by Elijah, but contains no mention of Lurianic kavvanot or mystical intentions assigned to prayer words.	Shivhei-Habesht_0077 תיוגים* שמעתי מהרב דקהילתינו בהיות הבעש״ט חולה קודם פטירתו לא שכב במשכב רק שנעש' כחוש וקולו נלקה והי יושב בבית התבודדותו התבדדותו ולא הי׳ בו כח לקרוא להמשרת שלו כשהיה צריך לו ותלה פעמן בבית גדול וחוט
kabbalah:kabbalistic_terms_kavvanot	https://www.hasidic-stories.org/Story/Shivhei-Habesht/Shivhei-Habesht_0015	Shivhei-Habesht_0015	Shivhei-Habesht	embedding	0.959		False	high	Story depicts ecstatic prayer, divine presence, and the Besht redirecting prayers away from Samael, but contains no explicit Lurianic kavvanot assigned to specific prayer words.	"קים ומניח כמה פעמים ואח״כ רמז שילכו להתפלל לפני התיבה ובא ר' דוד הנ""ל להתפלל כי הוא הי' מתפלל בימים נוראים וכשבא סמוך לתיבה התחיל הבעש""ט לבזותו בפני כל עם ועדה ואמר בזה הלשון זקן אשמאי היכן אתה הולך וביזה וגינה אותו ערך "
kabbalah:kabbalistic_terms_kavvanot	https://www.hasidic-stories.org/Story/Khal-Hasidim/Khal-Hasidim_0012	Khal-Hasidim_0012	Khal-Hasidim	embedding	0.959		False	high	Story involves Besht's miraculous travel, an oath, and reciting the alphabet with devotion, but contains no Lurianic kavvanot or mystical intentions assigned to prayer words/ritual actions.	"סח וכבר הכין כל צרכי הפסח כיד הגביר. ותען לו אבי בבהמ""ד ותוכלו להתאכסן פה כי לא יקפיד ע""ז תיכף נשאו המשרתים שלו את כל החפיצים לבית וערכו השלחן בכלים נאים ובמטה מוצעת ומהודרת והכין כל צרכי הסדר עם מצה שמורה הכל על צד המעו"
kabbalah:kabbalistic_terms_kavvanot	https://www.hasidic-stories.org/Story/Shivhei-Habesht/Shivhei-Habesht_0060	Shivhei-Habesht_0060	Shivhei-Habesht	embedding	0.959		False	high	Story involves the Besht's clairvoyance, charity, and intercession, but no mention of Lurianic kavvanot or mystical intentions in prayer.	ער א׳ ולא דיברה מאומה רק שעשתה תנועות כאילו אינו רוצה לקבלה ונתן לפניה עוד זעקסער ולא קיבלה אמר לה מי שמך לגבאי צדקה ולגנוב מקופת צדקה ולא השיבה כלום ולא הקפידה ע״ז ולא עשו בה הדברים הלז שום רושם מחמת שהיתה מחזקת במידות 
kabbalah:kabbalistic_terms_kavvanot	https://www.hasidic-stories.org/Story/Maase-Zadikim/Maase-Zadikim_0016	Maase-Zadikim_0016	maase-zadikim	embedding	0.959		False	high	Story involves tzaddikim's vows, blessings for children, and Passover hospitality; no mention of Lurianic kavvanot in prayer or ritual.	קדוש הסבא קדישא כי יתפלל בעדו השם ית' שיושיעהו בפרי בטן והצדיק הנזכר היה מדחה אותו בלך ושוב בכל יום פעם אמר לו כי יעשה סעודת מרעים להחסידים והמה יברכו אותו אולי יעלה בידם וכן עשה ולא הועילו לו מאומה ובכל פעם בואו לרבו הק
kabbalah:kabbalistic_terms_kavvanot	https://www.hasidic-stories.org/Story/Shivhei-Habesht/Shivhei-Habesht_0135	Shivhei-Habesht_0135	Shivhei-Habesht	embedding	0.959		False	high	Story concerns Sabbath, Torah study, humility, and the Besht removing/restoring Torah knowledge — no mention of Lurianic kavvanot or mystical prayer intentions.	"וף השולחן וגער בו הבעש״ט בזה""ל אני שונא ענוותן בא ושב בכאן והתחיל הרב להחזיר הדרשה ורבי מיכל מקשה ורבי זאב מפלפל עמו עד שנצחו והיה רבי מיכל בוש בדבר ועמד על זה אע""פ שהי׳ עקום ולא רצה להודות על האמת התחיל הבעש״ט לבקש ואמ׳"
kabbalah:kabbalistic_terms_kavvanot	https://www.hasidic-stories.org/Story/Shivhei-Habesht/Shivhei-Habesht_0199	Shivhei-Habesht_0199	Shivhei-Habesht	embedding	0.958		False	high	Story describes the Besht's spiritual perception and intervention but contains no Lurianic kavvanot or mystical intentions assigned to prayer words.	"Shivhei-Habesht_0199 תיוגים* פ""א בעי״כ קודם כל נדרי נתאספו כל הקהל לבמ""ד 199 ועמד שבחי הבעש״ט לה ועמד הבעש״ט ולא התחיל להתפלל והי' ניכר ממנו שהוא במבוכה רבה ונתעכבו עד בוש וגעו כל העם בבכי' כי הבינו הכל שלא דבר רק הוא אח"
kabbalah:kabbalistic_terms_kavvanot	https://www.hasidic-stories.org/Story/Khal-Hasidim/Khal-Hasidim_0111	Khal-Hasidim_0111	Khal-Hasidim	embedding	0.958		False	high	The story concerns the Besht's clairvoyance and a teshuvah regimen (fasts, standing with mourners); no Lurianic kavvanot or mystical intentions in prayer are depicted.	"Khal-Hasidim_0111 תיוגים פ""א היה הבעש""ט באיזה קהילה והי' אכסניתו על העלי' פעם א' ראה איש א' עובר על הרחוב מיד צוה להמשרת שלו רוץ מהר וקרא לי את האיש הזה וירץ הנער ויקרא לו ומתחילה נתפעם לבו ולא רצה לילך ועכ""ז לא יכול להע"
kabbalah:kabbalistic_terms_kavvanot	https://www.hasidic-stories.org/Story/Khal-Hasidim/Khal-Hasidim_0102	Khal-Hasidim_0102	Khal-Hasidim	embedding	0.958		False	high	Story is about the Besht's miraculous foresight and Jonah ben Amittai; no mention of Lurianic kavvanot or mystical intentions during prayer.	"ימים שלח השר בעצמו אחריו ונתן לו האורנדע כדבר הבעש״ט והי' סבור אולי השר נצרך כהיום למעות מאד והציקתו לעבור ע""ד ובתוך שנה ילדה אשתו ב""ז אבל לא עלה ע""ד להודיע ל הבעש״ט כי אמר מקרה הוא ויגדל הילד הלוך וגדול ונעשה פרא אדם ממ"
kabbalah:kabbalistic_terms_kavvanot	https://www.hasidic-stories.org/Story/Shivhei-Habesht/Shivhei-Habesht_0170	Shivhei-Habesht_0170	Shivhei-Habesht	embedding	0.958		False	high	Story involves a ban (cherem), dream visions, and sin-rectification but contains no Lurianic kavvanot or mystical prayer intentions.	"זו ונשתתק המוכיח כי יפה אמר וסוסים של ר' נחמן ז""ל היו חבושים בעגלה ללכת לעיר ואמר לו המוכיח למה לא שלחת לי קמח והשיב לו ראה שהעגלה מוכנת לנסוע בעצמי עם הקמח בשבילך ואח״כ שאל אותו מה זה שאתה מתנבא והשיב לו לא נביא אנכי ול"
kabbalah:kabbalistic_terms_kavvanot	https://www.hasidic-stories.org/Story/Shivhei-Habesht/Shivhei-Habesht_0014	Shivhei-Habesht_0014	Shivhei-Habesht	embedding	0.958		False	high	The story describes the Baal Shem Tov using the Zohar to see across the world via the primordial light, but contains no mention of Lurianic kavvanot or mystical intentions in prayer/ritual.	ך לעירינו א׳ פרסה ולא האמין ולדבריו כי האיך יוכל להיות כך כי הלא לא נעלם מבנו רב הגעגועים שלהם וכמים הפנים וכ׳ בוודאי אין כסף נחשב למאומה ויתן בעד פור כור מה שיבקשו בכדי שיבא על שבת לביתו עכ״ז לרווחא דמילתא שלח ערל א׳ לכ
kabbalah:kabbalistic_terms_kavvanot	https://www.hasidic-stories.org/Story/Khal-Hasidim/Khal-Hasidim_0056	Khal-Hasidim_0056	Khal-Hasidim	embedding	0.958		False	high	Story describes a mystical vision of a pillar of Torah light, but contains no Lurianic kavvanot at prayer or ritual actions.	"Khal-Hasidim_0056 תיוגים שמעתי מהרב דקהלתינו ש הבעש״ט לא רצה להיות בק""ק אנעפאליע כי אמר אין לי שום עסק כי כבר תיקן שם הר' שמשון דק""ק הנ""ל כל מה שהיה צריך. פ""א שבת בק""ק הנ""ל ר' גרשון גיסו ובא משם ואמר ל הבעש״ט השגתי שם או"
kabbalah:kabbalistic_terms_kavvanot	https://www.hasidic-stories.org/Story/Shivhei-Habesht/Shivhei-Habesht_0062	Shivhei-Habesht_0062	Shivhei-Habesht	embedding	0.958		False	high	Story depicts Besht praying for rain and countering witchcraft via a shed, with no mention of Lurianic kavvanot or mystical intentions on prayer words.	"Shivhei-Habesht_0062 תיוגים* שמעתי מחמי וגם מהרב דקהלתינו כשהי׳ יושב הבעש״ט עדיין בשיינק בכפר היו פ""א צריכים לגשמים והתפלל על הגשמים והי׳ שם מכשפ' אחת שהי' לה שד אחד ועשת' כשפים שלא ירד גשם ו הבעש״ט בתפילתו קילקל כשפיה ו"
kabbalah:kabbalistic_terms_kavvanot	https://www.hasidic-stories.org/Story/Khal-Hasidim/Khal-Hasidim_0009	Khal-Hasidim_0009	Khal-Hasidim	embedding	0.958		True	high	The story explicitly references the Besht being warned from heaven not to engage with the Holy Names (שמות הקדושים) until age 33, a clearly Lurianic/kabbalistic practice tied to kavvanot.	"Khal-Hasidim_0009 תיוגים ועתה אספר הגדולות אשר שמעתי מחמי ז""ל איך היה התגלותו כי הוא ישב בכפר קטן על השענק והיה דרכו כשהביא לאשתו הי""ש הלך להתבודדות בעבר הנהר הנקרא פרוט ושם היה לו בהר סלע כמו בית קטן נחצב על ההר והיה לו"
kabbalah:kabbalistic_terms_kavvanot	https://www.hasidic-stories.org/Story/Khal-Hasidim/Khal-Hasidim_0082	Khal-Hasidim_0082	Khal-Hasidim	embedding	0.958		False	high	Story depicts prayer with great bitterness and weeping, and mystical visions, but no mention of Lurianic kavvanot or specific mystical intentions assigned to words/actions.	"ה על מטתה ו הבעש״ט עדיין שוכב על הארץ בפישוט ידים ורגלים ועמד ר' דוד הנ""ל אצל הפתח לראות מה יהי' הסוף ונתיגע לעמוד ולקח ספסל וישב אצל הפתח וכמו חצי לילה שמע שאמר לאשתו תכסה פניך וברגע האיר בחדר והיה מאיר דרך סדקים ואמר ב"
kabbalah:kabbalistic_terms_kavvanot	https://www.hasidic-stories.org/Story/Shivhei-Habesht/Shivhei-Habesht_0208	Shivhei-Habesht_0208	Shivhei-Habesht	embedding	0.957		True	high	The Besht teaches his son a divine name and instructs him to meditate on it (תכוון שם זה), an explicit kabbalistic kavvanah; also references sod ha-ibbur and bringing down Adam's soul during intercourse.	"Shivhei-Habesht_0208 תיוגים* שמעתי כשמתה אשתו של הבעש״ט אמרו לו אנשיו וב""ג שישא אשה אחרת והשיבם הבעש""ט בלשון תימה לאשה אני צריך אני הייתי פרוש י""ד שנה במטה וזה הערשלי בני נולד ע״פ הדבור וביום מותו הי׳ בנו מ׳ צבי ישן ואמר"
kabbalah:kabbalistic_terms_kavvanot	https://www.hasidic-stories.org/Story/Shivhei-Habesht/Shivhei-Habesht_0097	Shivhei-Habesht_0097	Shivhei-Habesht	embedding	0.957		False	high	The story describes the Baal Shem Tov's intense prayer, weeping, and mystical encounter with martyrs, but contains no explicit mention of Lurianic kavvanot or specific mystical intentions assigned to prayer words/actions.	"ו ובילבל את מחשבתינו כחוט השערה אע""פ שדחינו אותו בשתי ידים אעפ״כ הוכרחנו לסבול חצי שעה גיהנם ואח״כ נכנסנו לג״ע והתחלנו לטעון שרוצים אנחנו לנקום משונאינו והשיבו לנו עדיין שעתו קיימ׳ ואם תרצו לנקום צריכים אתם לקבל על עצמיכ"
kabbalah:kabbalistic_terms_kavvanot	https://www.hasidic-stories.org/Story/Shivhei-Habesht/Shivhei-Habesht_0087	Shivhei-Habesht_0087	Shivhei-Habesht	embedding	0.957		False	high	The story describes the Besht praying and giving Torah, but contains no mention of Lurianic kavvanot or mystical intentions assigned to prayer words.	"יות מי דבש וכשהתחיל הבעש״ט לאמור תורה יצא ממקומו ועמד נגד הבעש״ט באמצ׳ הבי' והציץ בפניו ויר׳ ר׳ פנחס לומר לו שלא יביט בפני הבעש""ט מחמת כיבוד אב ועמד נגד הבעש״ט והי׳ ר׳ פנחס בצער וכשפסק הבעש״ט לומר תורה חזר למקומו ואח״כ ה"
kabbalah:kabbalistic_terms_kavvanot	https://www.hasidic-stories.org/Story/Shivhei-Habesht/Shivhei-Habesht_0160	Shivhei-Habesht_0160	Shivhei-Habesht	embedding	0.957		False	high	Story involves prayer intercession and a ritual annulment of judgments with a Torah scroll, but no Lurianic kavvanot are mentioned or depicted.	"Shivhei-Habesht_0160 תיוגים* מעשה שהיה אב""ד בק""ק באר ואחד מבני העיר חלק עליו ונסע אל השר להקביל עליו ואינו ידוע לי לו אם מעסק הרבנות או מעסק אחר והטה מן הדרך אל הבעש״ט שיתפלל בעדו שיפיק רצונו מן השר והבטיח לו הבעש״ט ונסע"
kabbalah:kabbalistic_terms_kavvanot	https://www.hasidic-stories.org/Story/Shivhei-Habesht/Shivhei-Habesht_0032	Shivhei-Habesht_0032	Shivhei-Habesht	embedding	0.957		False	high	Story describes the Besht praying with great fervor and going to the mikveh, but no mention of Lurianic kavvanot or mystical intentions on specific words.	ט אמר לו הבעש״ט אין אני שומע שמדברי' מזה בחצ׳ כלל ופעם א' אחר שבת באמצ׳ היום אחר אכיל' שכב הבעש״ט על תיבה אחת ונשען על ידו ואנשי' עומדי' לפניו והרבין את אזנו כמו שרוצה לשמוע ואמר כי מדברי' בחצ' מזה עלילה ואמר יחמו לי המק
kabbalah:kabbalistic_terms_kavvanot	https://www.hasidic-stories.org/Story/Shivhei-Habesht/Shivhei-Habesht_0096A	Shivhei-Habesht_0096A	Shivhei-Habesht	embedding	0.957		False	high	Story involves Besht, dreams, and Satan but contains no mention of Lurianic kavvanot or mystical intentions tied to prayer words/rituals.	ה וראיתי הבעש״ט ואמר תניחו את תלמידי לדרוש בבה״כ הגדול ואמר שהיה דודו גדול הדור וכמדומה לי ששמו רבי אברהם דעם רבית כי שכחתי שמו ואני הייתי אצלו בשעת מיתתו ושמעתי שציוה לבנו ואמר יעמוד איש ויקרא שמו ישראל בן המילדת תדע שה
kabbalah:kabbalistic_terms_kavvanot	https://www.hasidic-stories.org/Story/Khal-Hasidim/Khal-Hasidim_0050	Khal-Hasidim_0050	Khal-Hasidim	embedding	0.957		False	high	Story involves Besht's clairvoyance, charity, and a pious woman, but contains no Lurianic kavvanot or mystical prayer intentions.	"זעקסער א׳ ולא דיברה מאומה רק שעשתה תנועות כאילו אינה רוצה לקבלה ונתן לפניה עוד זעקסער ולא קיבלה אמר לה מי שמך לגבאי צדקה ולגנוב מקופת צדקה ולא השיבה כלו' ולא הקפידה ע""ז ולא עשו בה הדברים הלז שום רושם מחמת שהיתה מחזקת במי"
kabbalah:kabbalistic_terms_kavvanot	https://www.hasidic-stories.org/Story/Khal-Hasidim/Khal-Hasidim_0036	Khal-Hasidim_0036	Khal-Hasidim	embedding	0.957		False	high	Story concerns the Besht, a repentant bishop, and the power of storytelling/teshuvah; no mention of Lurianic kavvanot or mystical intentions in prayer.	"מעשה תדע כי אנכי הבישוף אשר קראת אז. ואנכי הייתי קודם יהודי ואח""כ נפלתי לעמקי הקליפות כי חכם גדול הייתי ונשמה קדושה היתה לי ו הבעש""ט בחסדו הוציאני ממעמיקי הקליפות כי יש לי זכות אבות כי אבותי קדושי׳ היו והם בקשו את הבעש""ט"
kabbalah:kabbalistic_terms_kavvanot	https://www.hasidic-stories.org/Story/Shivhei-Habesht/Shivhei-Habesht_0066	Shivhei-Habesht_0066	Shivhei-Habesht	embedding	0.957		False	high	Story describes Besht seeing a pillar of light/Torah from R. Shimshon, not the use of Lurianic kavvanot in prayer or ritual.	"Shivhei-Habesht_0066 תיוגים* שמעתי מהרב דקהלתינו ש הבעש״ט לא רצה להיות להות בק""ק אנעפאליע כי אמר אין לי שם שום עסק כי כבר תיקן שם ר׳ שמשון דק""ק הנ""ל כל מה שהיה צריך פ""א שבת בק""ק הנ""ל ר׳ גרשון גיסו ובא משם ואמר לבעש״ט השג"
kabbalah:kabbalistic_terms_kavvanot	https://www.hasidic-stories.org/Story/Khal-Hasidim/Khal-Hasidim_0173	Khal-Hasidim_0173	Khal-Hasidim	embedding	0.957		False	high	Story depicts repentance during Minchah prayer at 'slach lanu' but contains no Lurianic kavvanot or mystical intentions.	ל אשר עשה עד כה וכאשר נתייגע בזה מעט אז כמו נד נצבו לפניו כל העבירות שעשה מעודו. ויתמהמה מאוד ויעמוד הרבה ולא היה יכול לומר סלח לנו. עד כי נתחרט מאוד על כל מה שעשה וקבל עליו לעזוב חטאיו על להבא ועתה ישוב לביתו תיכף ולא י
kabbalah:kabbalistic_terms_kavvanot	https://www.hasidic-stories.org/Story/Khal-Hasidim/Khal-Hasidim_0017	Khal-Hasidim_0017	Khal-Hasidim	embedding	0.957		False	high	Story concerns gilgul (reincarnation) and tikkun for past sins; no mention of Lurianic kavvanot in prayer or ritual.	"ספרו לו גנות ורעות האיש אשר שואל עליו כי היה רשע שאין דומה לו ר""ל : וישא הת""ח ההוא את רגליו וישב לביתו בפחי נפש בלי שום תשוע' כי אם ברפיון כח מרוב הדרך והיגונות אשר מצאתהו עדי בואו לביתו העיר הגדולה אשר שם היה הבעש""ט זלל"
kabbalah:kabbalistic_terms_kavvanot	https://www.hasidic-stories.org/Story/Khal-Hasidim/Khal-Hasidim_0021	Khal-Hasidim_0021	Khal-Hasidim	embedding	0.957		False	high	Story describes Besht's mystical illumination while reciting Tehillim and devekut, but no Lurianic kavvanot are mentioned or depicted.	" אני אשה בטרם אלביש א״ע ואתכסה בצעיף יבער יותר ותתחזק האש ר""ל ימחול הרב עב""ה כי מים יש אצלו ויכבה ולקח הכלי עם מים השופכין והלך לכבות האש וכשבא לתנור ראה ש הבעש""ט יושב ואור זורח עליו ואמר לי רב מפה לאוזן כי האור עמד עליו"
kabbalah:kabbalistic_terms_kavvanot	https://www.hasidic-stories.org/Story/Mifalot-HaZadikim/Mifalot-HaZadikim_0018	Mifalot-HaZadikim_0018	Mifalot-HaZadikim	lexical	0.957	כוונת	True	high	The Baal Shem Tov explicitly 'worked with holy names' (עשה בשמות הקדושים) — a Lurianic kavvanot practice involving mystical intentions on divine names.	הסוד מחמת ששמעתי כרוז יוצא ברקיע תנו כבוד לצדיקים האלו. וכל כוונתו היה להכניס בהם שום הרהור גדלות אמנם הבעש״ט לא קם ולא זע ממנו ולא נכנסו דבריו באזניו כלל אבל הרב מוה׳ ליב הנ״ל התחיל לפול בהרהור גדלות מעט והתפארות מרוב ה
kabbalah:kabbalistic_terms_kavvanot	https://www.hasidic-stories.org/Story/Khal-Hasidim/Khal-Hasidim_0169	Khal-Hasidim_0169	Khal-Hasidim	lexical	0.957	כוונה	False	high	The story describes prayer customs and a dispute about tzaddikim, but contains no mention of Lurianic kavvanot or mystical intentions assigned to prayer words.	ם המעולים ספירים אשר אני מעיד כי מה שכתוב בזוהר נוטרי ברית הכוונה עליהם ועל כמותם ועל כן אין ביני ובינך שום התקשרות מהיום והלאה אינני אביך ואתה אינך בני ותזהר ותשמר מהיום והלאה לתת מחסום לפיך. ולא הועיל להאברך אשר התחנן 
kabbalah:kabbalistic_terms_kavvanot	https://www.hasidic-stories.org/Story/Khal-Hasidim/Khal-Hasidim_0253	Khal-Hasidim_0253	Khal-Hasidim	lexical	0.956	כוונת	False	high	The story discusses humility, hidden righteousness, and Elijah's revelation, but does not mention Lurianic kavvanot or mystical intentions in prayer.	" אפול לגדלות ח""ו ע""כ בקשתיו מאת הש""י שיתן לי שפלות ולא היתה כוונתי על שפלות כזו אבל אם רצון הבורא כך גם אנכי חפצתי בזה. ואשר שאלתני מה אני משחק שחקתי מה שאתה בוכה ויצא רבינו אל משרתיו העומדים הכן בשוטים לייסר את החוטא. ו"
kabbalah:kabbalistic_terms_kavvanot	https://www.hasidic-stories.org/Story/Khal-Hasidim/Khal-Hasidim_0022	Khal-Hasidim_0022	Khal-Hasidim	lexical	0.955	כיוון	False	high	The story describes a dream-vision and the Besht's teaching drawing the maggid close, but contains no mention of Lurianic kavvanot or mystical intentions attached to prayer words/ritual actions.	"ו ראה הרבה חכמה. ונמשך אחריו בכלות הנפש ממש ושוב אמר אל לבו כיוון שהחיצוניות הפלטין כ""כ מש""כ בפנימיות הפלטין בודאי אין ערוך אליו. וכשניגש אל החלון לראות בפנימיותו וירא והנה הבעש""ט וכל סייעתא קדישא דילי' מסובין על השלחן. "
kabbalah:kabbalistic_terms_kavvanot	https://www.hasidic-stories.org/Story/Adat-Zadikim/Adat-Zadikim_0004	Adat-Zadikim_0004	Adat-Zadikim	lexical	0.955	כוונה	False	high	The story mentions the Besht's unknown 'kavvanah' for his journey in a generic sense (purpose/intention), not Lurianic mystical kavvanot in prayer or ritual.	ב ונסע כל הלילה ולמחרתו כל היום ולא הי׳ יודע שום אדם תכלית הכוונה בהנסיעה בהנסיעה וגם להיכן הוא נוסע ויסע מהלך רב ביום ההוא כידוע לכל כאשר הי' נסיעתו ויהי בחצי הלילה באו ללון בכפר אחד ויתאכסנו בבית המוכסן ולא הי' מכירם כ
kabbalah:kabbalistic_terms_kavvanot	https://www.hasidic-stories.org/Story/Khal-Hasidim/Khal-Hasidim_0174	Khal-Hasidim_0174	Khal-Hasidim	lexical	0.955	כוונת כיון	False	high	Story narrates R. Shneur Zalman's arrest and imprisonment; no depiction of Lurianic kavvanot in prayer or discussion of kavvanot as a kabbalistic concept.	"ו לו המקום והזמן ילמדך את אשר תעשה שם כי עוד אין אנו יודעים כוונת הנסיע׳ ויקבל האיש את צה""כ ויסע לדרכו : עתה נניח מעט מלספר מעשי האיש ב ווילנא ונדבר מעט מסיפור הטיינע סאווייעט ואת אשר קרה שם עם הרב תיכף כאשר לקחו את הרב "
kabbalah:kabbalistic_terms_kavvanot	https://www.hasidic-stories.org/Story/Shivhei-Habesht/Shivhei-Habesht_0013	Shivhei-Habesht_0013	Shivhei-Habesht	lexical	0.954	כיון	False	high	Story depicts a dream-vision drawing a scholar to the Besht; no mention of Lurianic kavvanot or mystical prayer intentions.	" ראה הרבה חכמה : ונמשך אחריו בכלות הנפש ממש ושוב אמר אל לבו כיון שחיצוניות הפלטין הוא מהודר כ״כ מכ""ש בפנימיות הפלטין בוודאי אין ערוך אליו: וכשניגש אל החלון לראות בפנימיותו : וירא. והנה הבעש״ט וכל סייעתא קדישא דילי' מסובי"
kabbalah:kabbalistic_terms_kavvanot	https://www.hasidic-stories.org/Story/Khal-Hasidim/Khal-Hasidim_0075	Khal-Hasidim_0075	Khal-Hasidim	lexical	0.954	כוונת	False	high	Story concerns the Besht's miraculous handling of debts/matchmaking; no mention of Lurianic kavvanot or mystical intentions in prayer/ritual.	"לשתות ומתמי׳ א""ע בלבו באיזה אופן יהיה הסילוק ואמר בלבו אולי כוונת הבעש""ט שיטיב בעיני האדון סוס טוב מסוסיו ויקבל בסך הנ""ל ובתוך כך עלה בדעתו ואמר להאדון אני צריך לדבר עמך דבר סתר והלך עמו לחדר א' ואמר להאדון בזה""ל ידעתי ש"
kabbalah:kabbalistic_terms_kavvanot	https://www.hasidic-stories.org/Story/Khal-Hasidim/Khal-Hasidim_0028	Khal-Hasidim_0028	Khal-Hasidim	lexical	0.954	כוונה בכוונה	True	high	The story explicitly notes that the Yom Kippur prayers ascended because they were prayed 'with kavvanah' (בכוונה), and depicts the Besht's mystical ascent through heichalot during Ne'ilah, consistent with Lurianic kavvanot in prayer.	"ל חמשים שנה שלא הי' להם עליה ועכשיו מפני שהתפללו בזה יוה""כ בכוונה עלו כל התפלות והי׳ כל תפלה מאירה כשחר נכון ואמרתי לאותן התפלות למה לא עליתם קודם ואמרו כי כן נצטווינו להמתין על רומע״ל שתולין אותנו ואמרתי להם בואו עמי וה"
kabbalah:kabbalistic_terms_kavvanot	https://www.hasidic-stories.org/Story/Khal-Hasidim/Khal-Hasidim_0118	Khal-Hasidim_0118	Khal-Hasidim	lexical	0.954	כוונה	True	high	The story explicitly depicts a rabbi attempting to perform a kavvanah during Shema, with the Baal Shem Tov diagnosing his spiritual blockage and instructing him to try the kavvanah again after repenting.	"יבל ע״ע בלב שלם שלא ישוב לכסלה ואמר הבעש""ט כהיום תנס׳ לכוון כוונה זו ותראה כי כאשר שב ורפא לו וכן הוה ומיד נטל את הבעש״ט בידו והושיבו בראש הקרואים וגם כל תלמידיו הסבו בראש. וכיבד אותם בכבוד גדול :"
kabbalah:kabbalistic_terms_kavvanot	https://www.hasidic-stories.org/Story/Sipurei-Zadikim/Sipurei-Zadikim_0013	Sipurei-Zadikim_0013	Sipurei-Zadikim	lexical	0.953	כיון	False	high	Story concerns a hidden tzaddik tailor, Elijah revelation, and rabbinic succession; no mention of Lurianic kavvanot in prayer or ritual.	"א לובלין ומעשי הוא מעשה חייט ואני כשמעי זאת ממנו אמרתי בלבי כיון שהוא בעצמו מעיד על עצמו שהוא אינו רב ולא דיין ולא שום מפורסם לכן העזתי פני נגדו ואמרתי לו אם אמת הוא כדברך ש אליהו הנביא שולחך אלי אזי אני רוצה ג""כ לזכות ש"
kabbalah:kabbalistic_terms_kavvanot	https://www.hasidic-stories.org/Story/Khal-Hasidim/Khal-Hasidim_0116	Khal-Hasidim_0116	Khal-Hasidim	lexical	0.953	כוונת כוונה	False	high	The Besht is described as 'doing yichudim' (mystical unifications) and teaches esoteric Merkavah wisdom, but no Lurianic kavvanot attached to specific prayer words or ritual actions are depicted.	"בהמות ועופות ושיחת דקלים מפני שנצרך לו זה לתוכחה ומאחר שהי' כוונתו לש""ש נגמר בדעתו ליסע ל הבעש״ט ולבקש ממנו שילמוד אותו חכמות הנ""ל והי׳ בדעתו שבוודאי ימלא הבעש״ט רצונו בזה מאחר שכוונתו לש""ש והנה בבואו ל הבעש״ט לחדר שלו ו"
kabbalah:kabbalistic_terms_kavvanot	https://www.hasidic-stories.org/Story/Sipurei-Zadikim/Sipurei-Zadikim_0001	Sipurei-Zadikim_0001	Sipurei-Zadikim	lexical	0.953	כוונת	False	high	The story describes hidden tsadikim, mystical travel, and souls from olam ha-tohu, but does not depict or discuss Lurianic kavvanot assigned to prayer words or ritual actions.	"קון אך צוה לי להשיב את הסחורה להבעל הבית ואז הבינו התלמידים כוונת נסיעתו על היארידין כי שמה מצויים נשמות מעולם התוהו מה גם כי על היארידין אסף וקיבץ מעות לצורך הצדיקים הנ""ל וכאשר יראה הרואה בהמכתב הנדפס מהמגיד הגדול אשר כ"
kabbalah:kabbalistic_terms_kavvanot	https://www.hasidic-stories.org/Story/Khal-Hasidim/Khal-Hasidim_0105	Khal-Hasidim_0105	Khal-Hasidim	lexical	0.953	כיון	False	high	Story involves soul-ascent and halakhic dispute in heavenly academies, not Lurianic kavvanot attached to prayer words or ritual actions.	" על אמתו שמע מכמה אנשים נחות דרגא ג""כ ושאל ל האר""י והשיב לו כיון שפתח הצור נקל לכל אדם לעמוד וזהו אלולי דדלאי לך חספא לא משכחת מרגניתא תותה ולכן כאשר הודה גם הרמב״ם לזה הפסק אז ממילא גם בזה העולם מובן הפשט כ הרמב״ם כפי ש"
