local_id,name_heb,name_rom,wikidata_qid,lat,lon,occurrences,n_editions,editions,context,kind,_match_status,_match_method,_grade,_confidence,_sound_match,_flags,_kima_id,_kima_name_rom,_kima_name_heb,_distance_km,_candidates
ED::ישראל,ישראל,,,,,147,15,Buzina_Denehora; Derech-Haemuna; Hitgalut-HaZadikim; Likutim-Hadashim; Maasiot-veSihot-Zadikim; MaasiyotUmaamarimYekarim; MaasyiotMzadikeiYesodeiOlam; Maim-Rabim; Peulat-Hatzadikim; Sefer-Moraim-Gdolim; Seva-Ratzon; Shemen-Hatov; Tiferet-Hayyim; Toldot-Haniflaot; shivheiZadikim,"פ׳ ויקהל ויקהל משה את כל עדת בני ישראל ויאמר עליהם אלה הדברים אשר צוה ד׳ כי יש ס׳ רבוא אותיות לתורה : ויש ס' רבוא נפשות ישראל. וכל אחד מישראל נפשו א… ⟦SEP⟧ … לא כתיב מי לא יאהבך מלך וכו׳ ואמר כי שורש אהבה נמשך מהשי״ת. עד״ה ואהבת עולם אהבתיך. נמצא מחמת שהשי""ת אוהב את ישראל. נקשרה אהבה בלבבם ובעבור זה המה אוהבים להשי""ת. וכמאמר הכתוב. כמים הפנים אל פנים וכו׳ ואמר הרב הק׳ בזה הלשון ה… ⟦SEP⟧ איתא במדרש כשהחכם יושב ודורש הקב״ה מוחל לעונותיהם של ישראל. כי המוכיחים שאינם הגונים נעשו מעונותיהם של ישראל. מכל עבירה נעשה מוכיח אחד עד״ה תיסרך דעתך. אבל בשעה שהחכם י… ⟦SEP⟧ …גוי ואולמי בעד שאדרוש יפה זאל איך בעסיר שעום ווערין. ולא אמר כלל. ובשלש סעודות אמר לו הרב ר״ב שיאמר ד״ת לכבוד ישראל ולכבוד השכינה כי כל בי עשרה שכינה שריא. ובפרט שאנו ג״כ יושבים כאן במסובה אחת. אז פתח הרב מים קדושים ואמר כל ב… ⟦SEP⟧ ישראל בע״ש טוב",edition_only,name_exact,name_exact,B_review,0.95,False,phonetic_mismatch,697,Israel,ישראל,,697
H-LOC_210,,Tulchin,Q997568,48.6739771,28.8563795,12,3,Khal-Hasidim; Shivhei-Habesht; Shivhei-Harav,"…מיד מנעלים טובים כי הי' לה בחנות מנעלים והבטיח לה שבוודאי יהיה לה ב״ז וכן הוה שנולד לה הרב הקדוש ר' ברוך מק""ק טולטשין : ⟦SEP⟧ … אשר הדפיס הרב את ספר התניא נתן ר' ברוך עבורו אדום זהב ואח״כ דברו דברי נרגנות זע""ז ומתחלה פתח הרב בשלום ונסע לטולטשין למקום משכן קודש של הרב ר' ברוך הנ""ל ונתרצו זל""ז ודברו באהבה וריעות אבל כאשר יצאו לטייל מחוץ לעיר נתהוה מריבה … ⟦SEP⟧ והנה מדי עבר הרב לטולטשין נזקק לבקשת אשה אחת לשלם לה טובה תחת טובה כי בעת אשר ישב הרב במאסר בפעטערסבורג פעם הראשון היתה שמה אשה אחת שמה… ⟦SEP⟧ …תל מערב היו עומדים חביות מלאי' תבואה והיו רואים שהתבואה רועדת וגם שמעתי ממנו אבל לא מפיו ממש בהיותו שוחט בק""ק טולטשין הי׳ שובת ר׳ דוד הנ' ועשה ר׳ דוד מכפר תלאדווקע תנאים ושלח עגלות אחר כל המקבלים וגם מ' דוד מ״מ הנ' נסע על התנאי… ⟦SEP⟧ … וגם מר' יוסף בן רבי משה מק""ק פולנאי שמעתי כמה נוסחאות בזה המעשה אבל פ""א שבת אצל הרב דקהלתינו ר׳ דוד מ״מ דק""ק טולטשין שהיה נכד של הצדיק ר׳ דוד פורקעס וסיפר לי מעשה שאיש אחד שבחי הבעש""ט 97 אחד הוליך בנו משוגע להבעש״ט וכשהגיע א' …",authority,name_exact,wikidata,B_review,0.99,False,phonetic_mismatch,81438,Tulʹchyn (Ukraine),טולצ'ין (אוקראינה),0.5,
ED::לאדי,לאדי,,,,,11,4,Khal-Hasidim; Shivhei-Harav; Sipurei-Zadikim; Toldot-Haniflaot,"…תו אביגדור הנ""ל כאשר כתבנו למעלה ויאמר לו העברי כן מכיר אני אותו שהוא איש ישר ויוסף הקיסר לשאול אותו ואת הרב מלאדי אתה מכיר ויען לו האיש לא הכרתיו עד כה אבל תמול שלשום שמעתי כי בא לכאן והלכתי לראותו ולא התבונן האיש לפני מי ה… ⟦SEP⟧ …קיים בו מאמר הכתוב שלח ידיו בשלומיו חלל בריתו ובסוף ימים היה מחזיר על הפתחים הולך מעיר לעיר עד כי קרה גם בעיר לאדי משכן קדשו של הרב ויבקש את אנשיו שיניחו אותו לכנוס להרב ויודיעו האנשים הדבר הזה להרב וישלח לו הרב נדבה הגונה א… ⟦SEP⟧ …וונא ביום שבת קודש וקיסר הצרפתים הרגיש כי הרב מנגד לו כי נשמע חכמתו בין האומות וע״כ חקר אחריו והרב היה דר אז בלאדי וע״כ ברח הרח הרב חרב ביום השבת עם כל בני ביתו עד קראשנע בראסייע ושם עמדו חיל הרוסים מחנה נורא ושר המנהיג את ה… ⟦SEP⟧ …ד עבודה בקטורת ומנחות בקרב בקרוב כאשר יבנה הנהרסות אולם אחרי כן קרה פעם אחת אשר נסע הרב הקדוש ר׳ שניאור זלמן מלאדי דרך חואסטוב וצוה למשרתיו כי ידפקו את הסוסים מאד עד יעברו תחום שבת מהעיר כי אמר אולי יעשה לי הרב ר׳ אברהם כאשר… ⟦SEP⟧ … אביגדור הנ״ל כאשר כתבנו למעלה) ויאמר לו העברי כן מכיר אני אותו שהוא איש ישר ויוסף הקייסר לשאול אותו ואת הרב מלאדי אתה מכיר ויען לו האיש לא הכרתיו עד כה אבל תמול שלשם שמעתי כי בא לכאן והלכתי לראותו ולא התבונן האיש לפני מי הו…",edition_only,name_exact,name_exact,B_review,0.95,False,phonetic_mismatch,21831,Lyady (Belarus),ליאדי (בלארוס),,21831
ED::דראהביטש,דראהביטש,,,,,10,4,Derech-Haemuna; Maim-Rabim; Peulat-Hatzadikim; Shemen-Hatov,"קעב) והובא עוד סיפורים מהגה""ק ר' יצחקיל האמבורגר. ומה שהי' בינו ובין הגה״ק ר' יצחקיל מדראהביטש. בס׳ רמתים צופים א״ז אות קט״ז מה שסיפר אודותיו הגה״ק הרבי ר׳ בונם זצ״ל מפרשיסחא. ועוד הובא ממנו ענינים נפלאים… ⟦SEP⟧ …ים יארע לו איזה תנועה של לשון הרע כי אפילו תנועה עושה רושם ועקימות שפתיו עושה רושם כמו שאירע להק׳ רבינו יצחק מדראהביטש שהיה לו ענין שתיכף שיאמר בידך אפקיד ישן לו ואם אירע שלא יכול לישן היה יודע שעשה איזה חטא ואינם רוצין לקבלו עד… ⟦SEP⟧ ד) ואמר הה״ק מוהר״ר יצחק מדראהביטש זלה״ה שהתחלה והלבוש נקרא אם ואמר כשאני רוצה לנסוע על הדרך להוכיח את ישראל ולקבל גלות ולהיות השכינה מצויה על ה… ⟦SEP⟧ ובס׳ ב""א (על ת""ז בהק') מהה״ק ר׳ אברהם אבלי ז""ל מדראהביטש שהיה א׳ מהנסתרים מקרי דרדקי ובסוף ימיו גילה אותו הה״ק מ זל״ה ובביתו לובליןהיה דר זקן א׳ ושמו היה ר׳ ליב אשר ה… ⟦SEP⟧ …ה ע״י בקשתם ונסע משם ומחמת פחד הרשעים נסע כמה פרסאות בעת קצרה כי זה היה נקל לו כנודע ממעשה ששלח אחריו ר׳ אבא מדראהביטש שנשתגעה אשתו והתפלל מנחה בעיר פראהיין ובתחלת הלילה בא לק״ק דראהביטש",edition_only,name_exact,name_exact,B_review,0.95,False,phonetic_mismatch,977,Drohobych (Ukraine),דרוהוביץ (אוקראינה),,977
ED::ציון,ציון,,,,,8,4,Buzina_Denehora; Derech-Haemuna; Hitgalut-HaZadikim; MaasyiotMzadikeiYesodeiOlam,"…ר בפני הרב ר״ב. כי הי' מקרבו ביותר ובליל שבת היה יושב בשלחן הרב. והנה זה האיש הי' מן אותן המתאבלים שם תמיד על ציון וירושלים אשר דרכם להיות תמיד ביגון ואנחה. וכאשר זמר הרב כל מקדש כדרכו בניגון הרגיל. ובא לאלו התיבות. אוהבי ד׳… ⟦SEP⟧ …שיסחא כא) הרה״ק ר׳ ישכר דוב מראדשיץ כב) הרה״ק ר׳ יחזקאל מקאזמיר כג) הגאון הקדוש ציס״ע ר׳ ישראל משה חזן ראשון לציון בירושלים כד) הרה״ק ר׳ יהודא ליב מאופלע כה) הרב הקדוש ר׳ לוי יצחק מברדיטשוב ⟦SEP⟧ …ה בכל הספירות עד מלכות שמים מלכות כל העולמים ומשם יבנה ויכונן מלכות בית רור ויצמח פורקני׳ ויקרב משיחא וימלוך בציון במהרה בחייכון וביומיכון ובחיי דכל בית ישראל ויהי ד׳ אחד ושמו אחד ואתה שלום וביתך שלום וכל אשר לך שלום ר׳ עוז … ⟦SEP⟧ …ברכת התינוק ומכ״ש בביה״כ כשהחזן חוזר ומתפלל תפלת י״ח ובפרט ב׳ אמן שאין העולם נזהרים בהם א׳ אצל המחזיר שכינתו לציון אומרים תיכף מודים אנחנו לך ואין עונין אמן ואצל מעריב של שבת ופרוס כו׳ כשמסיים הש""ץ ועל ירושלים מתחילים ושמרו … ⟦SEP⟧ … ישראל והחזירנו בתשובה שלימה לפניך וקרע כל המסכים המבדילים ביננו לבינך והאר פניך על מקדשך השמם למען אדני ובא לציון גואל והיה ה׳ למלך על כל הארץ ביום ההוא יהיה ה' אחד ושמו אחד כי״ר :",edition_only,name_exact,name_exact,B_review,0.95,False,phonetic_mismatch,691,Jerusalem (Israel),ירושלים (ישראל),,691
H-LOC_558,קוצי,,Q320260,,,6,1,tmimei_derech,"בשנת תתקל״ב לאלף החמישי היה בעיר קוצי איש תם וישר ר׳ אברהם שמו ולו שני בנים שם הא׳ ר׳ שמשון משכיל ונבון יושב אוהלים בין בעלי התוס׳ : המה בתורת ה' י… ⟦SEP⟧ בכלות השנה מפקודת המלך. והעיר נבנתה כלולה ביפעתה. וישלח המלך ספרים אל שרי וסגני מדינת עיר קוצי. אשר השר נוסע מעיר המלך לעירו, ויצאו מכתבים שניים ושלישים אל השרים והפחות. בפקודת המלך שיסולו המסלות אשר השר … ⟦SEP⟧ …יהם. והמלך והשרים מפוזים ומכרכרים בכל עוז. ויהי כן שלשה ימים אחר זה חזרו המלך והשרים לביתם והבעתו""ס נוסע לעיר קוצי, ובכל עיר אשר עבר דרך שם. כבדוהו שרי המלך ככבוד המלך בבואו קרוב לעיר קוצי שלח רץ אחר רץ להכין לו בית לשבת (כי… ⟦SEP⟧ השר מקוצי",authority,name_exact,name_exact,B_review,0.95,False,phonetic_mismatch,14064,Coucy-le-Château-Auffrique (France),קוסי-לה-שאטו-אופריק (צרפת),,14064
ED::מעזיבוש,מעזיבוש,,,,,6,2,Seva-Ratzon; Shemen-Hatov,"ברוך ממעזיבוש והתרעומת שנצמח שם בין הצה״ק זי״ע עיי״ש הסיבות באריכות אשר הה״ק ממעזיבוש אמר דברים קשים להרבי מלובלין. ושמעתי … ⟦SEP⟧ מהה""ק ר׳ ברוך ז״ל ממעזיבוש ⟦SEP⟧ מהה""ק ר׳ ברוך ז""ל ממעזיבוש",edition_only,name_exact,name_exact,B_review,0.95,False,phonetic_mismatch,17325,Medz︠h︡ybiz︠h︡ (Ukraine),מז'יבוז' (אוקראינה),,17325
ED::יאמפאלא,יאמפאלא,,,,,6,1,Maim-Rabim,"… ועד סופו, א״א קדוש, חוטר מגזע אבני שיש טהור מרנא ורבנא זצוקללה״ה מ״מ דק״ק יחיאל מיכלזליטשוב ושאר ק״ק. ומי״כ ביאמפאלא צדיק בן צי״מ א״א קדוש המפורסים בכל העולם המוכיח ר׳ יצחק זצוקללה״ה מ״מ דק""ק הארחוב ושם מנ״כ ודק״ק דראהביטש, בה… ⟦SEP⟧ …ה״ק ר' מרדכי שליט״א מזיווהעל וכותב עוד שם בשם אביו הה״ק רי״מ מ ששמע מאיש נכבד שסיפר בשם דודו זיווהעלהה״ק ר״י מיאמפאלא אשר ע״ב דורות לא פסקה רוח הקודש ממשפחת בית אבותם זצללהה""ה זי״ע) : ⟦SEP⟧ הה״ק ר׳ יוסף וצוללה״ה מיאמפאלא בנו של הה״ק רבינו רי״מ זצ""ל. בא למעזריטש ואמר יש בכאן ספר תורה חסר פסוק א׳. לימים הי׳ שם אחיו הה״ק ר' משה מזי… ⟦SEP⟧ …ר׳ משה מ : זיווהעל(ד) בהצה״ק והטהור א״א רבינו ר׳ . שהי׳ מגיד יחיאל מיכל מזלאטשובבק׳ בראד זלאטשוב וקאלק ומנ״כ ביאמפאלא : ⟦SEP⟧ (ד) יום הילולא של רבינו הקדוש. מ״ה אלול תקמ״ו בש״ק בזמן מנחה. מנ״כ ביאמפאלא ועל מצבתו נרשם שנת וקמת ועלית אל המקום (כן כתבו לי נכדיו משם). אמנם המעיין בקביעות דשבת תקמ״ו יראה מבואר כי ש…",edition_only,name_exact,name_exact,B_review,0.95,False,phonetic_mismatch,13851,"I︠A︡mpilʹ (Khmelʹnyt︠s︡ʹka oblastʹ, Ukraine)",ימפול (אוקראינה),,13851
ED::פילוב,פילוב,,,,,5,1,Hitgalut-HaZadikim,"…ראשם עמדו עליהם מפחד כי לא ידעו מה הוא. פתאום הפך המגיד הקדוש את פניו להאנשים. ואמר אולי יש בכאן איש אחד מעיר פילוב. וחפשו לא מצאו. רק איש אחד מהמוני עם מכפר אחד הנקרא ראנוויץ שהוא באמצע הדרך ההולך מפילוב לעיר גניוואשאוו אצל … ⟦SEP⟧ …בץ הרבה מעות. ומכ״ש הסכיםהסכום שהיה צריך לו עבור נשואי בתו. בודאי לא השיג והוא סיבב כ״כ מעיר לעיר עד שבא לעיר פילוב הנ""ל וקיבץ שם קצת מעות והלך לדרכו ובדרך הזכיר עצמו שהוא כעת במרחק רב מביתו והמעות שצריך לא השיג נפל עליו עצבו…",edition_only,name_exact,name_exact,B_review,0.95,False,phonetic_mismatch,8777,Puławy (Poland),פולבי (פולין),,8777
"ED::ב""ב","ב""ב",,,,,5,4,Hitgalut-HaZadikim; Shlosha-edrei-zon; SipureiAnsheiShem; Tiferet-Hayyim,"…מכווון את השאלה הזאת ביום הזה למען יודע היכן הוא העיר הנ""ל. אז צוה הרבי בזריזות לשכור עגלה. וביום ההוא נסע עם ב""ב ועם כל חפציו לעיר צשעכיוו. ובא להעיר ההוא ביום ועש""ק. התאכסן אצל אחד מאנשי עיר הזאת. ואח״כ כאשר ישב הרבי רק ז… ⟦SEP⟧ …ה למות ובשבת לאחר חצות בוודאי ימות וזה היה ביום הששי ולא כתב לו שום רצעפט ונסע לדרכו ובשבת בשחרית שלח בעד שני ב""ב והתוודה בפניהם ואמר להם מיום בואי הנה שמעתי מאנשים נאמנים כי ר' בעריש פועל ישועות בקרב הארץ ולא יכולתי להאמין… ⟦SEP⟧ …צדקה. יח) מרבי צ""ה מזידוטשוב אשר התפלל נוסה ספרד. יט) מהגה""ק רבי חיים האלבערשטאם מצאנז ע""ד אברך שעשה שלום בין ב""ב. ב) מהגה""ק רבי יהושיע מבעלז ע""ד התפלת של הג׳ ר׳ גרשון העניך. כא) מהגה""ק המקובל ר' פייבוש מבית דינו אל פראג. כ… ⟦SEP⟧ …קדוש ממאגליניצא זצללה""ה הקשה להרב אב""ד מלובלין על מה שאנו פוסקים הלכה דירושת הבעל לאו דאורייתא הלא איתא בגמ׳ (ב""ב הי״ט) שבנות צלפחד בנס ה' יולדת מחמת שאפילו הקטנה שבהם לא נישאת כחותה מארבעים שנה ושוב אינה ולדת רק שבנס היו י… ⟦SEP⟧ …ו הי' כותב כל המסעות של משה ונעשה מהן ישראלתורה כן עתה כותב כל המסעות אליהווהפרתקאות של כל מישראל וכשיבא משיח ב""ב יהי'",edition_only,name_exact,name_exact,B_review,0.95,False,phonetic_mismatch,594,Bene Brak (Israel),בני ברק (ישראל),,594
ED::או,או,,,,,5,3,Maasiot-veSihot-Zadikim; Seva-Ratzon; Shemen-Hatov,"לא ראש הקהל להגיד לו אשר השני האנשים שקנה להם שכר נלבדו לבית האסורים ובזכות זה יציל ד' את בעלכם האשה הבטיחה אותם והלכה וסיפרה להראש הקהל ובא תיכף לבקרם ואמר להם אל תיראו אני אקח אתכם מן בית האסורים והלך לדרכו וכמו בחצי ש… ⟦SEP⟧ …ת נסע ה״ר פייוויל מק״ק סעריט עבור המעות הנ""ל ותעה בדרך בלילה כמה שעות ולא ידע הבעה״ג שלו להיכן היא נוסע אח״כ ראו ממרחק שבית אחת מאירה מאוד ונמשכו אחר זריחת הנר ובבואם לשם ראו בית גדול שאינו מכיר להם ושם היו משרתים מלובשים … ⟦SEP⟧ …גיד איזה דברים במוסר ועמד הרר״א לפני אה״ק ואמר אספר לכם מעשה שהיה. האדון פאטאצקי נסע מפולין למרחקים ע״פ תבל לראות מדינות רחוקות. ועמו השליש והעגלון. ובבואם למדינה שאין מכירים אותם. קשרו העגלון והשליש קשר והמיתו את אדונם. ו… ⟦SEP⟧ פנחס. ומה נעשה לביטול תורה בזה״ז ומי יודע אם הוא לומד בתורה. ויאמר הרר״ש שמעתי כי הוא גאון גדול ומופלג ג״כ בתורה. וישמע לו הרר״פ ויסעו עדי בואם בע״ש קודש למעזעריטש. ובאו שמה. והלכו להרב המגיד לקבל של… ⟦SEP⟧ מהה״ק ר׳ בעריש מ אושפצין",edition_only,name_exact,name_exact,B_review,0.95,False,phonetic_mismatch,14551,Eu (France),או (צרפת),,14551
ED::יעמניץ,יעמניץ,,,,,5,2,Shemen-Hatov; Smichat-Moshe,"…מש עד מבואו. ובאורם נראה לנו אור. ומגדולי תלמידיו ה״ה. א) בנו הוא זקיני הגה״ק מ׳ צבי יהושע הלוי הורוויץ אבד״ק יעמניץ. טרייביטש. פרוסניץ. טארני. בע״ס סמיכת משה וחי׳ הריב״ש. ב) הגה״ק מ׳ משה ליב מסאסוב (שה״ג הח' מ״ש אות ע״ג. ובסה… ⟦SEP⟧ …ל זקיני הגה""ק הרר״ש מנ״ש זי״ע. (א) בנו הוא זקיני הגה״ק מ׳ צבי יהושע הלוי איש הורוויץ אבד״ק טרייביטש. פרוסטיץ. יעמניץ במדינת מעהרין. ובסוף ימיו נתקבל לאבד״ק טארני. הוא בעהמח״ס סמיכת משה המחובר לטהור לס׳ נזיר השם מאביו זצ״ל. וס׳… ⟦SEP⟧ …חסידא ופרישא שר התורה נר ישראל עמוד התורה פ""ה עה״י כקש״ת מ׳ צבי יהושע הלוי איש הורויץ האבד״ק טרייביטש פרוסטיץ יעמניץ במדינת מעהרין ובסוף ימיו נתקבל לאבד״ק טארני בן להאי תנא קדישא הקדוש והטהור רשכב""ה גאון הגאונים רב רבנן קדוש ו… ⟦SEP⟧ …כעת פעם שלישית להוציא לאור מרגניתא טבא מאת מרן זקני של התורה הגאון הקדוש מ׳ צבי יהושע האבד״ק טרייביטש פרוסניץ יעמניץ טארני כתב ידו הקדושה וגלוי וידוע שלא לכבודי כבוד המדומה. כי מה אני חרס חרסי אדמה. חדל אישים בקול ומראה וקומה.… ⟦SEP⟧ …רתו מ׳ שמואל שמעלקא הלוי איש הורוויץ בהרב הגאון הקדוש א״א מ׳ צבי יהושע הלוי איש הורויץ אבד״ק טרייביטש פרוסטיץ יעמניץ טארני בהרב הגאון הקדוש א״א מ׳ שמואל שמעלקא הלוי איש הורויץ אבד״ק ניקלשפארג והמדינה וחתן אחיו הרב הקדוש הגאון …",edition_only,name_exact,name_exact,B_review,0.95,False,phonetic_mismatch,19979,Jemnice (Czech Republic),ימניצה (צ'כיה),,19979
ED::לעחוויץ,לעחוויץ,,,,,4,2,Khal-Hasidim; Shivhei-Harav,"…את הסולטאן ועוד דברים רבים כהנה אשר תקצר היריעה מהכיל אותם והשני הי׳ הרב מבארדיטשוב והשלישי הרב הק' ר' מרדכי מלעחוויץ והרביעי הרה""ק ר' אשר מסטאלין ועליהם אמר כי הם חתומים והעוזרים להרב בכל מושבותיהם ודורשים ברבים לחדש המנהגים נ… ⟦SEP⟧ …סור רעה כו' (אך אחרי מי ירדוף רבן ישראל אחרי כלב מת אשר עוד בחייו קרוי מת כמאמרם ז""ל וגם את הרב הק' ר' מרדכי מלעחוויץ מסר אביגדוד אביגדור אצל הגוברנער בפינסק בעת אשר היה שם אז הר""מ הנ""ל וישלח הגו""ב אחריו ויביאהו ויבואהו אליו וא… ⟦SEP⟧ …את הסולטאן ועוד דברים רבים כהנה אשר תקצר היריע' מהכיל אותם והשני הי' הרב מבארדיטשוב והשלישי הרב הק' ר׳ מרדכי מלעחוויץ והרביעי הרה""ק ר׳ אשר מסטאלין ועליהם אמר כי הם התומכים והעוזרים להרב בכל מקומות מושבותיהם ודורשים ברבים לחדש ה… ⟦SEP⟧ …(אך אחרי מי ירדוף רבן ישראל אחרי כלב מת אשר עוד בחייו קרוי מת כמאמֿ׳ כמאמ' ) ז״ל ז״ל וגם את הרב הק' ר' מרדכי מלעחוויץ מסר אביגדור אצל הגובערנער במינס בעת אשר היה שם אז הר״מ הנ""ל וישלח הגו״ב אחריו ויבאוהו אליו ואביגדודאביגדור עמ…",edition_only,name_exact,name_exact,B_review,0.95,False,phonetic_mismatch,22491,Lyakhavichy (Belarus),לחוביץ' (בלארוס),,22491
ED::פראסקרוב,פראסקרוב,,,,,4,1,Shemen-Hatov,"צו) כתב ש""ב בעל מנחת שבת הנ""ל וז״ל שמעתי מאנשי אמת מספרים אשר הה״ק בעל קדושת לוי הי' פ״א בעיר פראסקרוב ואמר לאנשי העיר שהוא רואה אור גדול על הבית עלמין שבעיר הנ״ל. ושאל אותם אם מונח שם על הבית עלמין איזה צדיק. וח…",edition_only,name_exact,name_exact,B_review,0.95,False,phonetic_mismatch,797,Khmelnytskyi (Ukraine),חמלניצקי (אוקראינה),,797
ED::פשיסחא,פשיסחא,,,,,4,1,Likutim-Hadashim,"שמעתי מעשה מהיהודי זצ""ל מפשיסחא שהיה אצל אבי זקני זצ״ל ⟦SEP⟧ …משך הנ״ל ואמי זקנתי אמרה לאבי זקני הלא עוד תהא עני ? ואמר לה אבי זקני אין זה דאגה שלך ונסע היהודי זצ""ל לעירו לפשיסחא לביתו. ואמר לו היהודי זצ״ל לאבי זקני איך היא הפרנסה שלך ושתק אבי זקני ואמר לו היהודי זצ״ל שיקנה עורות של עגלי… ⟦SEP⟧ שמעתי שהיה היהודי ז""ל אצל הרבי זצ""ל בלובלין ואשתו של היהודי היתה בפשיסחא ובאה אל הרה״ק ר׳ שמחה זצ״ל וא׳ שיכתוב אגרת לבעלה היהודי בונםאיך שהולכים ממנה דמים הרבה מן הווסת ואין לה במה ל… ⟦SEP⟧ …בשנים וסיפרו לו בונםהאנשים איך שהרב אינו מניח שום אדם לכנוס אצלו מטעם הנ״ל והלך אצלו ונתן לו שלום ואמר הרה״ק מפשיסחא אל הרה״ק הנ״ל כתיב ותגזר אומר ויקום לך שהצדיק גוזר והקב״ה מקיים וכתיב מי יאמר לך מה תעשה וסותרין זה את זה הפש…",edition_only,name_exact,name_exact,B_review,0.95,False,phonetic_mismatch,18259,Przysucha (Poland),פשיסחא (פולין),,18259
H-LOC_645,שעפס,,Q928392,,,3,1,shivheiZadikim,"…זאב וואלף מזיטאמיר יג מהה״ק ר׳ יעי״צ הרבי מלובלין יד מהה״ק היהודי מפרשיסחא טו מהה״ק ר' מאיר הלוי הורוויץ הרב משעפס טז מהה״ק ר׳ דוד מלעלוב יז מהה״ק הרבי ר׳ שמואל מקארוב יח מהה״ק הרבי ר' אפרי' פישלע מסטריקאוו יט מהה״ק ר׳ שמואל… ⟦SEP⟧ עוד זאת היה מנהג בק' שעפס. שהיה חדר שלו שעסק בו בתורה יעבודה בפאליש של הבהכ״נ. ושם היה בית המשפט וההוראה ודירתו עבור הרבנית וב""ב כולם ה… ⟦SEP⟧ …משבחי הצדיק הנשגב הזה ועניניו. מאשר סיפרו אנשים שבמחזה אור פניו הכירוהו. ואמרו שהיה רב בק׳ ביזיון הסמוכה לעיר שעפס. וסבת הדבר שנחבר בעיר שעפס הוא מחמת צוואתו. שלפני זמן גדול קודם פטירתו בעברו לפני הב""ע דק׳ שעפס. אמר לפני האנ…",authority,name_exact,name_exact,B_review,0.95,False,phonetic_mismatch,16554,Sierpc (Poland : Powiat),שרפץ (פולין : מחוז),,16554
ED::יוזעפאף,יוזעפאף,,,,,3,2,Shemen-Hatov; Toldot-Haniflaot,"…קיני הרר״ש העתיק דירתו לשינאווי ומשם לעיר נ״ש. בתחלה צווה את תלמידו (הוא חו״ז הר׳ יוזפא) להעתיק דירתו אל העיר יוזעפאף על יד הוייכסיל. ובהיותו פ״א. אחרי ימים רבים. אצל רבו בנ״ש. נצטוה להעתיק דירתו לעיר קאזמיר. ואמר לו עתידות כי … ⟦SEP⟧ מא שמעתי מהרב הגאון הצדיק ר׳ זאב מיוזעפאף, שסיפר כי אז בשנת תקצ״א כשהיה חירום בעולם, ונסע אז מווארשא (כי אז היה דר שם) למאגלניצא, ושהה בדרך ב׳ מעל""ע מפ… ⟦SEP⟧ הה""ק הגאון ר׳ זאב אבד""ק יוזעפאף זצ""ל, אשר מרן ז״ל קודם הסתלקות דיבר גדולות עליו, ואנשי עיר יועפאף מספרים נפלאות ממנו הוא היה אומר שתמיד בעת ח…",edition_only,name_exact,name_exact,B_review,0.95,False,phonetic_mismatch,845,Józefów (Poland),יוזפוף (פולין),,845
ED::טאסט,טאסט,,,,,3,2,Shemen-Hatov; Shivhei-Habesht,"…וש הר׳ ישראל בעש״ט זצ״ל התחיל להתנוצץ ולהתפרסם בעולם ברוב אותותיו ומופתיו שעשה. אז הי׳ מקום דירתו ומושבו בעיר טאסט שקורין טלוסט. הסמוכה לעיר טשארטקוב. וזה הי׳ בעת היות זקיננו הק׳ הרצ״ה אב״ד בטשארטקוב והגליל. ובמדינת קיר״ה נק… ⟦SEP⟧ … של שבת על המעבר ות""ל שכולם ניצלו וביום השבת באו הלסטים לעיר ולא מצאו היהודים ואינו ידוע לי אם היה המעשה בק""ק טאסט או בק""ק קאלימינע כי דר אח״כ בק""ק קאלימינע :",edition_only,name_exact,name_exact,B_review,0.95,False,phonetic_mismatch,23166,Toczek (Poland),טאסט (פולין),,23166
ED::פינטשוב,פינטשוב,,,,,3,3,Derech-Haemuna; Peulat-Hatzadikim; Shemen-Hatov,…אוה״ג מ׳ אברהם איטנגא מדוקלא אשר שמה של אשתו השניה היתה הרבנית מייטל [בת הג״מ אפרים זלמן ק״ב בהג״מ שאול אבד״ק פינטשוב בהג״מ משה ק״ב אבד״ק פעלמא בהג״מ מאיר וואהל אבד״ק בריסק בהר״ש וואהל] נפטרה בבראד כ״א אייר תקכ״ב אצל בנה ישעי׳ … ⟦SEP⟧ א) כמו ששמעתי מחמי הה״ק מוהר״ר אברהם מרדכי מפינטשוב שספר לי מגדולת מרן רבינו הבעש״ט ובתוך הדברים סיפר שפ״א עמדו התלמידים בר״ה והתפללו ואחד מן התלמידים נפל ממנו ב… ⟦SEP⟧ סיפר הה״ק ר׳ אברהם מרדכי מפינטשוב ז״ל ששמע מפי הק׳ רר״א שאמר אלו ינוחו מלחלוק עלי שתי שנים אביא משיח וגאולה שלימה ואמר שפלא בעיניו על אשר מבואר…,edition_only,name_exact,name_exact,B_review,0.95,False,phonetic_mismatch,1687,Pinczów (Poland),פינצוב (פולין),,1687
"ED::נ""ע","נ""ע",,,,,2,2,Buzina_Denehora; Shemen-Hatov,"אגרת הקודש אשר שלח הרב הקדוש רבי ר' ברוך ממעזיביז נ""ע להרב הקדוש המפורסם מוהר״ר מנחם מענדיל זצלה""ה מוויטיפסק לאה״ק תוב״ב ⟦SEP⟧ …שמעתי שהה״צ מדזיקאב סיפר מעשה זו בכל שנה שהה״ק מבעלזא סיפר להגה״ק מקאמינקע הסיבה שהי' מה שהרה״ק רבי ר׳ אלימלך נ""ע נסע מקודם להרה״ק רר״ש ז""ל ואמר שפ""א באו אצלו הג׳ אבות הק׳ ושאל אותם אודות השנה. ואמרו לו שבשנה זו נתקבלו התפל…",edition_only,name_exact,name_exact,B_review,0.95,False,phonetic_mismatch,23927,Niedernai (France),נידרענהיים (צרפת),,23927
ED::וינא,וינא,,,,,2,2,Hitgalut-HaZadikim; Shemen-Hatov,"סיפר לי הרב ר׳ הירש מבאלחוב ששמע מפי מגידי אמת שהגאון רבי ר' העשיל ז״ל בשנת ת״ח הלך לעיר ווינא. והיה שם אב""ד מוהר״ר שעפטיל זצ""ל בעהמ״ח ספר ווי העמודים ולא החשיב כ״כ להרבי ר' העשיל. והרבי ר' העשיל שאל ממני… ⟦SEP⟧ …ן הג״מ נפתלי כ״ץ אבד״ק לובלין אחי הג״מ חיים אבד״ק נ״ש. פוזנא. המה בניו של הג״מ יצחק בר׳ שמשון כ״ץ אבד״ק נ״ש. ווינא חתן הגאון רבינו יהודא ליווא אבד״ק פראג הנקרא מהר""ל מפראג ולמעלה בקודש",edition_only,name_exact,name_exact,B_review,0.95,False,phonetic_mismatch,945,Vienna (Austria),וינה (אוסטריה),,945
ED::טארטשין,טארטשין,,,,,2,1,Khal-Hasidim,"…רב המגיד הגדול להבעש""ט המגיד צם ז׳ או ח' פעמים משבת לשבת רצופים וחלה מאוד פ""א בא הרה""ק ר׳ מענדיל מק""ק באר לק' טארטשין ונתאכסן אצל הפ""ח והמגיד הי' דר בבית קטן סמוך להפ""ח הנקר' אונטר שטיביל ונכנס ר׳ מענדל לפרוזדר להבע""ב שלו ושמע …",edition_only,name_exact,name_exact,B_review,0.95,False,phonetic_mismatch,23561,Torczyn (Ukraine),טארטשין (אוקראינה),,23561
ED::יון,יון,,,,,2,2,Maasiot-veSihot-Zadikim; MaasyiotMzadikeiYesodeiOlam,"להמגיד כתיב ומלכי צדק מלך שלם הוציא לחם ויין והוא כהן לאל עליון ומקרא מסורם הוא דהיה צריך לכתוב ומלכי צדק מלך שלם כהן לאל על יון הוציא לחם ויין. אמנם נחזי און כששני צדיקים נ… ⟦SEP⟧ …ם כפלי כפלים א״כ הלא המסחר יאבד באיזה ימים ויען כי עבשיו הוא קרוב ליום חגם ודרכינו לחת לו מתנה מדי שנה בשנה וביון שבא לחנותינו לקנות ינתן לו המתנה אגב אורחא, אבל אתה מה לך עלינו שינתן לך מתנות עד כאן המשל, ובזה יש להקשות מה…",edition_only,name_exact,name_exact,B_review,0.95,False,phonetic_mismatch,11713,Yonne (France),יון (צרפת),,11713
ED::פאנו,פאנו,,,,,2,2,Derech-Haemuna; Shemen-Hatov,… היא משיבת נפש הנפש לגופה וכת התורה תעצור הנפש בתוך הגוף והוא מרחמי השי״ת עכ״ל. ועיין מעשה נורא מפטירת הרמ״ע מפאנו ז״ל מובא בס׳ ברכת אברהם (דף י״א) מבעל דעת קדושים ז״ל : ⟦SEP⟧ ובס׳ ע״ה (בדרוש המחשבה) וז״ל ושמעתי וקבלתי ממגידי אמת שמיתת הרמ״ע מפאנו בעל עשרה מאמרות ויונת אלם ופלח הרמיון היה כן מיתות נשיקה שהתקשר נשמתו למעלה ונפל לארץ מושלך כאבן דומם ונשאר מ…,edition_only,name_exact,name_exact,B_review,0.95,False,phonetic_mismatch,9794,Fano (Italy),פאנו (איטליה),,9794
ED::ק״ש,ק״ש,,,,,2,1,Shemen-Hatov,"היה לוי ואני ג״כ לוי שמואל היה נ""ב שנים ואני ג״כ נ""ב שנים. אלא שמואל היה שמו שמואל בק״ש שמואל ושמי ר""ר שמואל בק״ש שמעלקא ונשארתי שמעלקא. אילו היה קורין אותי בשם הקודש שמואל הייתי שמואל הנביא ממש. ו…",edition_only,name_exact,name_exact,B_review,0.95,False,phonetic_mismatch,22391,Kunštát (Czech Republic),קונשטט (צ'כיה),,22391
ED::אר,אר,,,,,2,2,Shemen-Hatov; Tiferet-Hayyim,"…ן אות קנ״ז ואצלינו נמצא פסק דין בכתי״ק מיום י""ז טבת שנת תפ""ד וחתום אחריו גרשון בהרב החסיד מוהר״י זלה״ה. והרב באר היטב הג״ר יהודה מטיקטין. ⟦SEP⟧ ישמחו היראים ויעלזו החסידים. בראותם יחד כליל תפארת חי׳ תורה מאת כבוד הרבנים הe׳ צי""ע המפורסמים בכל קצוי ארץ ה""ה המבוארים בקצת שבח ותהלה בפאר הכבוד והמעלה בשער …",edition_only,name_exact,name_exact,B_review,0.95,False,phonetic_mismatch,6824,Eure (France),אר (צרפת),,6824
ED::בית דוד,בית דוד,,,,,2,2,SipureiAnsheiShem; SipurimUmaamarimYekarim,"…יקין נשמות ט) מהגה""ק רבי מרדכי מטשערנאביל ע""ד לקיחת פדיון גדול. י) משלמה המלך ע""ה שנשא בת מלך עמון ויצא מלכות בית דוד יא) מדוד המלך ע""ה בשבת שפ""ה. יב) מהבעש״ט ע""ד התיקון נשמה שהיה בעל חוב. יג) מהגה""ק ר׳ ארי׳ ליבוש אבד""ק ווישניצ… ⟦SEP⟧ גם אמר אדמו״ר מסקווירא הנ""ל. כי מצד אחד אבותיו הם ממלכי בבית דוד. ומצד השני הם משאול המלך וממרדכי ואסתר :",edition_only,name_exact,name_exact,B_review,0.95,False,phonetic_mismatch,21192,"Bet David (Jerusalem, Israel)","בית דוד (ירושלים, ישראל)",,21192
ED::עמון,עמון,,,,,2,1,SipureiAnsheiShem,… ושלח את המלצר מלפניו ושם אותו במקומו לבשל לו בל מאכליו : ויהי אחר הדברים האלה ראתה אותו את המלצר החדש בת מלך עמון ושמה נעמה ואמרה לאמה שרצונה לקחה את האיש הזה המלצר לבעל ואמה גערה בה ואמרה לה יש במלכות אביך שרים רבים ונכבדי…,edition_only,name_exact,name_exact,B_review,0.95,False,phonetic_mismatch,22019,Ammon (Kingdom),עמון (ממלכה),,22019
ED::רומנוב,רומנוב,,,,,2,1,SipureiAnsheiShem,"מעשה מהרב הקדוש מופת הדור הכהן הגדול מו״ה רבי צבי הירש הכהן מרומנוב זי״ע תלמידו של הגאון הקדוש והנורא רבי ר' מנחם מענדלי מרימנוב. ⟦SEP⟧ …יה באמנה אתו ואח""כ גרשוהו מהסתפח בגחלתו ללכת אל נפשו. הבקר אור ויאסור בעל המלון את העגלה ויסע עם הנער להצדיק מרומנוב זצ״ל ובבואו על מפתן הבית קדמוהו הצדיק בברכת שלום ויקרא אליו ובברכת מזל טוב מז״ט, ויאמר לו ראיתי כי בתך הילדה …",edition_only,name_exact,name_exact,B_review,0.95,False,phonetic_mismatch,20961,"Lenino (Mahili︠o︡ŭskai︠a︡ voblastsʹ, Belarus)","לנינו (מחוז מוהילב, בלארוס)",,20961
ED::תורגמה,תורגמה,,,,,2,1,Derech-Haemuna,"…ה נגדע חכם לשבת בארץ הלזו הנשמה, ואתם תשבו על אדמת הקודש לפני השכינה ויהיה מימים בא אלינו גוי אחד ישמעאל מארץ תורגמה ששבוהו כושים ומכרוהו לד׳ שבטים ודןנפתלי גד ואשר והיה מספר להם את כל הקורות בהערים אשר סביבותיכם משאם ומתנם קו… ⟦SEP⟧ …אברהם דפיסה זל""ה בא לעולם בתפילת חכמי ישראל ומאורע המעשה שבהיות גלות ספרד היה בורחים משם היהודים לעבור אל ארץ תורגמה והיה זקנו של הג׳ הנ' מקבל עניים ועשירים ומכלכלם ומלוה אותם על יד על יד הספקות ומזונות בכל המצטרך ובזבז בהן הו…",edition_only,name_exact,name_exact,B_review,0.95,False,phonetic_mismatch,8120,Turkey,טורקיה,,8120
ED::ווינא,ווינא,,,,,2,1,Derech-Haemuna,…בגדולות ובנפלאות ולהיות רודף הרוח עד חרמה בעזרת האל ביני וביני היה אדונינו מורינו ורבינו מוכרח לפלס דרכו לעיר ווינא וגזר בתוקף גזירתו על האלופים בי׳ דינא רבא ב״ד הגדול דקהלתינו ובפרטות המופלאים שבב״ד האלוף התורני הרבני מוהר״ר…,edition_only,name_exact,name_exact,B_review,0.95,False,phonetic_mismatch,945,Vienna (Austria),וינה (אוסטריה),,945
ED::הוא,הוא,,,,,2,2,Seva-Ratzon; Toldot-Haniflaot,"…׳ הלא כתבתי לכם שלישות שעשיתי עמה שידך הגון עם בן הרב המובהק המפורסים החסיד כבוד מו""ה מרדכי רבינו מאזמיר וכבר הוא מתושבי חברון ערך „ט״ז שנים והחתן הוא חשוב מאוד חכם ומובלע בין אנשים ד׳ יזכינו לברך ברכות נשואין בחנוכה הבע״ל … ⟦SEP⟧ …רומת חמץ בפסח, ואמר להביא אליו הספר משנת חכמים שיש על שיטה זו, וסיפר אשר הה״ק מהד״ב ז""ל שאל משמים להגיד לו מי הוא הת״ח שבדור אז בכדי לשדך עמו וליתן בת ת""ח שבדור לבנו הה""ק המלאך ז""ל, והשיבו לו על הרב הגאון ר׳ פייבל מ, הוא המ…",edition_only,name_exact,name_exact,B_review,0.95,False,phonetic_mismatch,13568,Huế (Vietnam),הוא (ויטנאם),,13568
H-LOC_428,באפאליע,,Q1025181,,,1,1,SipurimUmaamarimYekarim,"ובס׳ עטרת ישראל מהרה״ק ר׳ ישראל זצוק""ל הנקרא בפי כל המגיד מבאפאליע. נכד הרה״ק ר׳ נחום הנ""ל. בפ׳ נצבים כתב וז״ל. אנא עובדא ידענא. בימי אא""ז הרב הקדוש והטהור צי״ע ר׳ נחום זצוק""ל …",authority,name_exact,wikidata,B_review,0.99,False,phonetic_mismatch,86027,"Pervomaĭsʹk (Mykolaïvsʹka oblastʹ, Ukraine)","פרבומייסק (מחוז מיקולאייב, אוקראינה)",,
H-LOC_594,פומארין,,Q4371769,,,1,1,Maasiot-veSihot-Zadikim,"…רבי יהודא החסיד זצ""ל . יודא צבי מראזדיל. מהבעש״ט ז""ל ה״ר ר׳ אורי מיסטרעליסק. הרב ר׳ פנחס מקאריץ זלה""ה ר' דוד מפומארין. ר׳ צבי אלימלך מדינוב. ר׳ יצחק אייזיק זצ""ל מזידיטשויב. מהגאון ה""ר אברהם דפוסא ז""ל. מהרה״צ ר׳ איציקיל דראביטשע…",authority,name_exact,wikidata,B_review,0.99,False,phonetic_mismatch,71243,"Pomori︠a︡ny (Lʹvivsʹka oblastʹ, Ukraine)",פומוז'אני (אוקראינה),,
H-LOC_640,קאסניטין,,Q867349,,,1,1,Khal-Hasidim,…למשמעתו לומדים מופלגי תורה ויראי ד׳ לקבץ סך שני מאות שלשה מאות רובל כסף על הוצאות הדרך וישלחם בכח והרשאה עירה קאסניטין ברוסיא המדינה כי שמה לפני הגבירים נראה בן עילוי מאוד נעלה כאשר תאוה נפשו להשיא בתו אליו אולם צוה עליהם כי יסע…,authority,name_exact,wikidata,B_review,0.99,False,phonetic_mismatch,388,Konstantynów Łódzki (Poland),"קונסטנטינוב (לודז', פולין)",,
ED::רמות,רמות,,,,,1,1,Buzina_Denehora,"תהלים ל""ה ועל רגעי ארץ דברי מרמות יחשובון. כי על ימים שעברו בוודאי אין לו מה לעשות מרמה. ועל ימים העתידים לבוא. ג״כ אין לו לחשוב שום מרמה. כי א…",edition_only,name_exact,name_exact,B_review,0.95,False,phonetic_mismatch,26781,"Ramot Neibourhood (Beersheba, Israel)","שכונת רמות (באר שבע, ישראל)",,26781
ED::לעטיטשוב,לעטיטשוב,,,,,1,1,Buzina_Denehora,"סיפר הר׳ ליב מלעטיטשוב. שהוא הי׳ מלמד אצל הרב הק' הר׳ משה חיים אפרים מסדילקיב נכד הבעש""ט בילדותו הי׳ יושב עם הבעש""ט אצל השלחן. פתאום…",edition_only,name_exact,name_exact,B_review,0.95,False,phonetic_mismatch,18260,Letychiv (Ukraine),לטיצ'ב (אוקראינה),,18260
ED::פעטרקוב,פעטרקוב,,,,,1,1,Dvarim-Yekarim,"…כבוד קדושת אדמו״ר הרה״צ הגדול גאון מפורסם פאר הדור צנא מלא ספרא מו״ה ברוך צבי הירש ראזענבלום זצלה""ה אב""ד דק""ק פעטרקוב והגליל יע""א.",edition_only,name_exact,name_exact,B_review,0.95,False,phonetic_mismatch,250,Piotrkow Trybunalski (Poland),פיוטרקוב (פולין),,250
ED::לאדיזין,לאדיזין,,,,,1,1,Khal-Hasidim,"…ה המחשבה בב""א ומצער אותו וליוו אותו כל אנשי העיר ואני הייתי ג""כ בתוכם וגם הרב המוכיח ורצה המוכיח לנסוע עד עיר לאדיזין ללות ללוות אותו אך מחמת שהקפיד המוכיח איך הוא הדרך ארץ לעזוב אותו ולא נסע והתפללו מנחה בשדה והרב הניח תפילין …",edition_only,name_exact,name_exact,B_review,0.95,False,phonetic_mismatch,23709,Ladyzhin (Ukraine),לדיז'ין (אוקראינה),,23709
ED::זאלקוי,זאלקוי,,,,,1,1,Khal-Hasidim,"…ף ז""ל נקל לו לומר עשרה חילוקים מלהתפלל ש״ע אחת ושמעתי מהרה""ק מ' זושא מאניפאלי כשנסע מאחיו הרה""ק ר׳ אלימלך דרך זאלקוי עמדתי בבהמ״ד במקום אחד להתפלל והי׳ התפלה זכה וברורה כערך תפלת הבעש""ט ולא ידעתי מאיזה סיבה ואמרו כי במקום הזה …",edition_only,name_exact,name_exact,B_review,0.95,False,phonetic_mismatch,1703,Z︠H︡ovkva (Ukraine),זולקוה (אוקראינה),,1703
ED::הגאו,הגאו,,,,,1,1,Maasiot-Pliot,"…רת אבם גדול זה. ונפלא מהם דבר המשפט. כי לא ידעו מה הוא ומה לדון ביה. ושלחה המלוכה יר״ה את המשפט לשאול באורים להגאו׳ הצדיק רבי משה סופר בעל חת""ם סופר מפרעשבורג ז""ל שהי׳ באותה מדינה לנס ולמופת ביניהם. שכפי אשר יורה האי גדול המ…",edition_only,name_exact,name_exact,B_review,0.95,False,phonetic_mismatch,1265,Hegau (Germany),הגאו (גרמניה),,1265
ED::בית יעקב,בית יעקב,,,,,1,1,Maasiot-veSihot-Zadikim,"…לו אמר לו הרב כשאמרתי לך שאתה חשוב לא הרע בעיניך כלל הלא מצינו בקבלת התורה שאמר הקב״ה למשה רבינו ע״ה כה תאמר לבית יעקב ותגיד לבני ישראל אתם ראיתם וכו׳ אלה הדברים אשר תדבר אל בני ישראל ופירש״י ז""ל אלה הדברים לא פחות ולא יותר וקשה…",edition_only,name_exact,name_exact,B_review,0.95,False,phonetic_mismatch,21194,"Bet Ya'akov (Jerusalem, Israel)","בית יעקב (ירושלים, ישראל)",,21194
ED::הי,הי,,,,,1,1,Maasiot-veSihot-Zadikim,על איש אחד מקאליש ושמו עזריאל שהיו מחזיק הפערלנא בקאליש בגליל סטריא הי׳ עליו עלילה שעושה סטעמפלין ומסר אחד כתוב כן לערכאותיהם ובאו קאמיסייע וחי…,edition_only,name_exact,name_exact,B_review,0.95,False,phonetic_mismatch,20311,Hay (N.S.W.),הי (אוסטרליה),,20311
ED::דינוב,דינוב,,,,,1,1,Maasiot-veSihot-Zadikim,"מעשה שסיפר הרב הצדיק הקדוש ר׳ צבי אלימלך ז""ל מדינוב.",edition_only,name_exact,name_exact,B_review,0.95,False,phonetic_mismatch,11063,Dynów (Poland),דינוב (פולין),,11063
ED::סו,סו,,,,,1,1,Shemen-Hatov,"ספר שמן הטוב כולל לקוטי ח״ת על פסוקי תנ""ך ומדרשים ואגדות הש""ס. אמרים נעימים. יקרים מפנינים. בקדושה וטהרה המה נאמרים : וסיפורים נפלאים ויקרים. מו…",edition_only,name_exact,name_exact,B_review,0.95,False,phonetic_mismatch,13077,"Sceaux (Hauts-de-Seine, France)","סו (הוטס-דה-סן, צרפת)",,13077
ED::קאלוב,קאלוב,,,,,1,1,Shemen-Hatov,"…הבימה ז' פעמים. כי כן מסורה מהנהגת זקנינו הרבי ר׳ מאירל מטיקטין בכל עש""ק. ואח״כ התחיל לזמר ניגון שלו של הה״ק מקאלוב (שבלשון לעז הנ""ל כלה וכו') שלום עליכם עד שבטלו כחותיו הגופניים בהתלהבות. כן הי׳ בכל שבת. אשרי עין ראתה כל אלה…",edition_only,name_exact,name_exact,B_review,0.95,False,phonetic_mismatch,17477,Nagykálló (Hungary),קלוב (הונגריה),,17477
ED::פרוסניץ,פרוסניץ,,,,,1,1,Shemen-Hatov,…ם נראה לנו אור. ומגדולי תלמידיו ה״ה. א) בנו הוא זקיני הגה״ק מ׳ צבי יהושע הלוי הורוויץ אבד״ק יעמניץ. טרייביטש. פרוסניץ. טארני. בע״ס סמיכת משה וחי׳ הריב״ש. ב) הגה״ק מ׳ משה ליב מסאסוב (שה״ג הח' מ״ש אות ע״ג. ובסה״ד הח׳. ובס׳ אמונת …,edition_only,name_exact,name_exact,B_review,0.95,False,phonetic_mismatch,417,Prostějov (Czech Republic),פרוסטיוב (צ'כיה),,417
ED::נוב״י,נוב״י,,,,,1,1,Shemen-Hatov,"…לך בעקבותיו וכ׳ שם ג״כ ובספרי רמ""ד אל תשלחו יד וכו') ובקש שם מעמו שיכתוב להגאון מפוזנא שיבקש מחותנו הגאון בעל נוב״י שאל יצער להרה״ק מ׳ יחיאל מיכל זצ""ל מזלאטשוב. וז״ל כי אחי הגאון החסיד מו״ה שמעלקי זצ""ל מנ""ש העיד עליו שכל כוונ…",edition_only,name_exact,name_exact,B_review,0.95,False,phonetic_mismatch,7723,Novi Ligure (Italy),נובי ליגורה (איטליה),,7723
ED::סעמניטץ,סעמניטץ,,,,,1,1,Shemen-Hatov,… יצאו לקראתו אבל נתאחר המכתב על הדרך הרבה. ובא מאוחר. ומזה ראה כי מן השמים עכבוהו שישאר פה וישב איזה זמן בעיר סעמניטץ במדינת אונגאריין סמוך לגבול מעהרין כי שם הי' החתונה ושם לא היתה פקודת הממשלה הזאת וכו׳ וכו׳ ע״ש.,edition_only,name_exact,name_exact,B_review,0.95,False,phonetic_mismatch,19927,Senica (Slovakia),סניצה (סלובקיה),,19927
ED::ת״א,ת״א,,,,,1,1,Shemen-Hatov,"כתב בתולדות מהר""ם לובלין מהרב מסעראצק שנדפס בהגורן ת״א אשר זקיני הגאון מ׳ יצחק אייזיק היילפרין אבד״ק טיקטין הנ""ל היה אחי הגאון מ׳ כתריאל היילפרין [הוא אבי הג״מ שלמה…",edition_only,name_exact,name_exact,B_review,0.95,False,phonetic_mismatch,272,Tel Aviv-Yafo (Israel),תל אביב-יפו (ישראל),,272
ED::פוזנן,פוזנן,,,,,1,1,Shemen-Hatov,"…א מגורשת והמוציא לעז ילכך בחרם ר״ת. ולעומתם הגאון מהר""ם ועמו הגאון מו״ה מרדכי יפה בלבושיו והג״מ בנימין בינוש מפוזנן בשו״ת שלו מסימן קכ״ב עד סי׳ קכ״ו הכריחוה להנשא לבעלה הראשון. מובן כי לא היה דעתו נוחה מהם. גם בענין שידוך נפל…",edition_only,name_exact,name_exact,B_review,0.95,False,phonetic_mismatch,10521,Poznań (Poland : Voivodeship),פוזנן (פולין : מחוז),,10521
ED::מז,מז,,,,,1,1,Shemen-Hatov,"…מ הלוי הורוויץ. וז״ל בפנקס שם. בהתאספות האלופים רוזני קציני ראשים ומנהיגים בצירוף העדה הקדושה יצ""ו לקבלת הרב למז״ט לקהלתינו יצ״ו אור ליום ב׳ ב׳ אלול תע״ח בכן נתקבל למז״ט הרב הגאון מ״ו אב״ד ומו״ז דק״ק ליסקא הנקרא מוהר״ר יהו…",edition_only,name_exact,name_exact,B_review,0.95,False,phonetic_mismatch,11548,Meuse (France),מז (צרפת),,11548
ED::וינציאה,וינציאה,,,,,1,1,Shemen-Hatov,"קנה) עוד כתב שם במג""י וז""ל ועתה ראה זה מצאתי מעבר לשער מקראות גדולות ד׳ ווינציאה בשנת ש״ב.",edition_only,name_exact,name_exact,B_review,0.95,False,phonetic_mismatch,949,Venice (Italy),ונציה (איטליה),,949
ED::לוצקא,לוצקא,,,,,1,1,Shemen-Hatov,"(ב) אשת הג״מ אשר אבד״ק נאראל חותנו של הג״מ אברהם אבד״ק לוצקא. אבי הג״מ אביגדור אבד״ק קאמינקא [חתן זקיני הגה""ק ר' משה צבי הירש מייזילש אבד״ק זאלקווי בע״ס חמדה גנוזה] אבי ה…",edition_only,name_exact,name_exact,B_review,0.95,False,phonetic_mismatch,127,Lut︠s︡ʹk (Ukraine),לוצק (אוקראינה),,127
ED::זאלקווי,זאלקווי,,,,,1,1,Shemen-Hatov,(י) הג״מ יהושע הלוי אבד״ק יערוסלוב יש לו הסכמה בס׳ בית אברהם ונפטר בזאלקווי ה׳ טבת תקכ״ז. ונוסח מצבתו בס׳ קריה נשגבה אות ק״ו. בניו היו. א׳ הג״מ אברהם מקראקא. ב׳ הג״מ פנחס הלוי מקראקא הו…,edition_only,name_exact,name_exact,B_review,0.95,False,phonetic_mismatch,1703,Z︠H︡ovkva (Ukraine),זולקוה (אוקראינה),,1703
ED::להב,להב,,,,,1,1,Shemen-Hatov,…ולה. ותשקע האש בתפלתו ובירך העיר שלא תהי׳ עוד למאכולת אש. ואם תפרוץ איזו אש יזכירו את דבריו ולכמה שנים הבערה ללהב יצאה ותאכל חצי העיר והזכירו את דבריו וכבה אש תומ״י.,edition_only,name_exact,name_exact,B_review,0.95,False,phonetic_mismatch,170,Lahav (Israel),להב (ישראל),,170
ED::הג,הג,,,,,1,1,Shemen-Hatov,"… מאד. ויהי בראותו במכה״ע שאשתו הותרה להנשא. הצר לו מאד. והניח כל הונו ונסע להאמבורג ובא בליל חתונת אשתו ויבא להג׳ מהר""י ויזעק מרה ויספר כל אשר עבר עליו. אז בשמעו זאת הפיל עצמו לארץ ותלש שערותיו. כי חשב שבודאי כבר נעשה איסו…",edition_only,name_exact,name_exact,B_review,0.95,False,phonetic_mismatch,978,Hague (Netherlands),האג (הולנד),,978
ED::הנה,הנה,,,,,1,1,Shemen-Hatov,…ץ (אחי זקיני הגאבד״ק טשארטקוב) הי' מהרבנים המפורסמים בצדקתם ובתמימותם. ובשמעו שהעיר גלוגא רבתי במדינת שלעזיען הנה גלמודה מרב. כתת רגליו לשם שיקבלוהו לרב בחזקת אבותיו הג״מ נפתלי כ״ץ אבד״ק גלוגא. אולם באשכנז ידעו אז להוקיר את…,edition_only,name_exact,name_exact,B_review,0.95,False,phonetic_mismatch,20908,Hana (Ancient kingdom),הנה (ממלכה קדומה),,20908
ED::דזיקוב,דזיקוב,,,,,1,1,Shemen-Hatov,…בנו. ונתן לו דרשה גישאנק הס׳ לחם מן השמים להג׳ יעב״ץ. ואמר זה יהי' לך לחם מ״ה. זאת סיפר לי הג״מ מאיר הורוויץ מדזיקוב בשמחה שיש לו הספר זה עדיין ירושה מאבותיו. וכי אינו עשיר כמו,edition_only,name_exact,name_exact,B_review,0.95,False,phonetic_mismatch,17845,Tarnobrzeg (Poland),טרנובז'ג (פולין),,17845
ED::פפא,פפא,,,,,1,1,Shemen-Hatov,"…""ב בסופו (ד׳ אלקסניץ תקל״ד) העתיק תשו׳ הגאון הפלאה ז״ל אליו וכותב שהוא עתה אבד״ק פ״פ. ובס׳ מראה כהן על זבחים (פפא״מ תקל״ה) כ׳ בהקדמה להתנצל על שלא נדפס הסכמת הפלאה. ויתארהו כתואר הזה „הגאון הגדול מופת הדור בוצינא קדישא חסיד…",edition_only,name_exact,name_exact,B_review,0.95,False,phonetic_mismatch,14397,Pápa (Hungary),פפא (הונגריה),,14397
ED::אַפטא,אַפטא,,,,,1,1,Sipurim-Nehmadim,"…דים מהבעש״ט והרה""ק מהר""ל מפראָג והרה״ק ר׳ ישכר בער מזלאטשוב, והרה״ק האזולאי והרה״ק ר׳ ישעיה מדינעוויץ והרה״ק מאַפטא ועוד מכמה צדיקים זצוק""ל זיע״א. מאת המלקט והמאסף ישעיה וואלף ציקערניק בדפוס ר. קעסעלמאן באזיטאמיר שנת תורה בכל…",edition_only,name_exact,name_exact,B_review,0.95,False,phonetic_mismatch,552,"Opatów (Tarnobrzeg, Poland)",אפטה (פולין),,552
ED::מאור,מאור,,,,,1,1,SipurimUmaamarimYekarim,"שמעתי כי בעת שהדפיסו הספר הקדוש מאור עינים מהרה״ק ר׳ נחום הנ""ל בפעם ראשון נסע אז איש אחד ממדינתנו לארץ הקדושה לקבוע דירתו בא״י ולקח עמו הס׳ מאור ע…",edition_only,name_exact,name_exact,B_review,0.95,False,phonetic_mismatch,23009,Ma'or (Israel),מאור (ישראל),,23009
"ED::ק""ש","ק""ש",,,,,1,1,SipurimUmaamarimYekarim,"… מימיו. ור׳ ירמיה הגדול היה מתפלל ביום אחד בביהמ""ד של זקני הנ״ל. וזקני היה מתפלל אז לפני התיבה. וכשהגיע זקני לק""ש כשאמר דבר אל בני ישראל ואמרת אליהם ועשו להם ציצית הלך מהעמוד לר׳ ירמיה הגדול ולקח מראשו התפילין של ראש והחזיר…",edition_only,name_exact,name_exact,B_review,0.95,False,phonetic_mismatch,22391,Kunštát (Czech Republic),קונשטט (צ'כיה),,22391
ED::קו,קו,,,,,1,1,Smichat-Moshe,"…פנחס הלוי איש הורוויץ הנקרא בפי כל ר' פנחס ממגרוב אשר מנוחתו כבוד בארץ הקדושה בעיר צפת תוב""ב וביום ג׳ אחר ש""ק קודם נסיעת רבינו לביתו לק׳ רומנאב בא פעם שלישית אצלי ובעת ההיא הי' ג״כ אצלי ש""ב ר' פנחס הנ""ל ואמר לרבינו הקדוש ה…",edition_only,name_exact,name_exact,B_review,0.95,False,phonetic_mismatch,1142,Caux (France),קו (צרפת),,1142
ED::קושטנטינא,קושטנטינא,,,,,1,1,Smichat-Moshe,"…בן הרבנית מרה מרים אשר למדה עם ישיבות מופלגים והי׳ ווילון מפסיק בינה בת רבינו שלמה שפירא ואחותו של רבינו פרץ מקושטנטינא ובסדר היחוס בהקדמת שו״ת מהרש""ל סיים בזה הלשון ומאבותיו של ר׳ שלמה שפירא לא פסחה תורה מהם עד רש""י עכ״ל. וע׳ בס…",edition_only,name_exact,name_exact,B_review,0.95,False,phonetic_mismatch,533,Istanbul (Turkey),איסטנבול (תורכיה),,533
ED::פרס,פרס,,,,,1,1,Derech-Haemuna,"… הכתוב לחיים בירושלים והכתב הנ""ל בא אלינו עם החכם השלם מוהר״ר ברוך נ""י אשר הלך בשליחות ירושלים לערי תוב״במדי ופרס, ובאו עליו לסטים ובזזו כל אשר לו והניחוהו במדבר שמם ואת חמורו הרגו, ולא ידע אותו האיש אנא ילך והלך כסומא יום …",edition_only,name_exact,name_exact,B_review,0.95,False,phonetic_mismatch,5979,Poros Island (Greece),פורוס (יוון : אי),,5979
ED::ריגיו,ריגיו,,,,,1,1,Derech-Haemuna,הן אנכי מדי עברי בק ״קריגיו ראתה עיני גוף הכתב הנ״ל מרבני חכמי וגאוני ירושלים הכתוב בחתימות מהכתב היקר שאני בקי בהם מתוך כתבי דקודש ופסקי…,edition_only,name_exact,name_exact,B_review,0.95,False,phonetic_mismatch,495,Reggio Emilia (Italy),רג'יו (איטליה),,495
ED::פינטשוף,פינטשוף,,,,,1,1,Derech-Haemuna,…תו מענין מ״ש והיה מתפלל בתוך סידור קטן במהירות וניתק מעט דעתו כידוע כ״ז וסיפר לי מו״ח ההצה״ק מה׳ אברהם מרדכי מפינטשוף שהמגיד הק׳ מקאזניץ תלמידו עזרו הרבה ואמר שבודאי לא היה מניחין אותו מן השמים ליפול ממדרגתו חלילה אלא שגם בשמים…,edition_only,name_exact,name_exact,B_review,0.95,False,phonetic_mismatch,1687,Pinczów (Poland),פינצוב (פולין),,1687
"ED::ת""א","ת""א",,,,,1,1,Derech-Haemuna,"…ם שכלי חרס אחר שנשבר אין לו תקנה אך אחר הנישואין יכול לפוטרה ע״י גט דוגמת כלי זכוכית שאע״פ שנשבר יש לו תקנה. (ת""א בלקוטים) :",edition_only,name_exact,name_exact,B_review,0.95,False,phonetic_mismatch,272,Tel Aviv-Yafo (Israel),תל אביב-יפו (ישראל),,272
ED::ברודא,ברודא,,,,,1,1,Derech-Haemuna,"…ר מתגורר פה קהלתינו הקדושה עם אשתו ובני ביתו זה איזה שנים מזמן העבר אחר שריפת ק״ק פראג הוא היה אותו הפעם בק״ק ברודא למסור דברי אלהים חיים לאיזה יחידי סגולה וסוף טבת תנ""ו לפ""ק חזר מהור״ר הנ""ל לביתו לקהלתינו להקדים עצמו לדבר מצ…",edition_only,name_exact,name_exact,B_review,0.95,False,phonetic_mismatch,14455,Uherský Brod (Czech Republic),אורסקי ברוד (צ'כיה),,14455
ED::אפט,אפט,,,,,1,1,Likutim-Hadashim,"שמעתי בשם הרה״ק היהודי ז""ל שהיה בראשונה אצל הרה״ק ר' שהיה רב בעיר אברהם יהושע העשילאפט והיהודי ז״ל היה אצלו. פ״א השתוקק היהודי זצ״ל ליסע לרבי ז״ל מלובלין. והלך אצל הרה״ק דשם לפטור ממנו ואמר לו הרה…",edition_only,name_exact,name_exact,B_review,0.95,False,phonetic_mismatch,10855,Apt (France),אפט (צרפת),,10855
ED::אריאל,אריאל,,,,,1,1,Maim-Rabim,"…מודא דנהורא רב רבנן וחכם הרוים, נזר החסידים ועטרת הצדיקים אספקלריא המאירה דין גלוא רזא עמיקא וטמירא, ראש גולת אריאל הנערץ והנקדש בתוך רבבות אלפי ישראל ושמו הטוב הולך מסוף העולם ועד סופו, א״א קדוש, חוטר מגזע אבני שיש טהור מרנא…",edition_only,name_exact,name_exact,B_review,0.95,False,phonetic_mismatch,559,Ari'el (West Bank),אריאל (גדה מערבית),,559
ED::בערזאן,בערזאן,,,,,1,1,Maim-Rabim,"…הגה״ק ר׳ ישעי׳ זצללה״ה מ הנ״ל. וכן נדפס בס׳ דעת הפראגאתורה לכבוד הגאון המפורסם ר׳ זצוק""ל אבדשלום מרדכי הכהן״ק בערזאן שהוא ג״כ נכד רבינו הגדול ר״י מ. וכן ראיתי בסדר היחוס לבית רבינו הקדוש רדראביטש״י מסאדיגורא זצללה״ה :",edition_only,name_exact,name_exact,B_review,0.95,False,phonetic_mismatch,347,Berez︠h︡any (Ukraine),בז'ז'ני (אוקראינה),,347
ED::פניאל,פניאל,,,,,1,1,Seva-Ratzon,… הקדושה כלל רק שהמקום גורם לבן ויקרא שם המקום דייקא אולם הקב״ה ידע שהקדושה מצחו לא מבח המקום ע״כ להלן כתיב רק פניאל לבד כמו כן ר' בעריש כ״ז שהי׳ כאן הי׳ שורה הקדושה בשבילו לא מצד המקום ודבריו הקדושים היו עמוקים ולא הי׳ יכול ל…,edition_only,name_exact,name_exact,B_review,0.95,False,phonetic_mismatch,20536,Peniel (Jordan),פניאל (ירדן),,20536
H-LOC_259,,Krasne,,48.9,28.4,0,0,,,authority,name_exact,coords,B_review,0.85,True,geo_implausible,27161,Krasne (Ukraine),קרסנה (אוקראינה),449.8,19756|27161
H-LOC_260,,Krasne,,50.53333333,25.35,0,0,,,authority,name_exact,coords,B_review,0.85,True,geo_implausible,27161,Krasne (Ukraine),קרסנה (אוקראינה),734.5,19756|27161
H-LOC_337,,Janów,,50.73333333,19.45,0,0,,,authority,name_exact,coords,B_review,0.85,True,,27126,"Janów (Województwo Śląskie, Poland)","יאנוב (מחוז שלזיה, פולין)",2.2,769|11119|21727|27126
H-LOC_423,,Danube,Q1653,,,0,0,,,authority,name_exact,wikidata,B_review,0.99,False,phonetic_mismatch,1008,Danube River,נהר הדנובה,,
