action	text	original_label	corrected_label	start	end	source_file
removed	"ישראל מ״מ דק""ק קאזעניץ"	PER		9374	9396	Adat-Zadikim.xml
added	ישראל		PER	9374	9379	Adat-Zadikim.xml
removed	אשת ר׳ שבתי	PER		15314	15325	Adat-Zadikim.xml
added	שבתי		PER	15321	15325	Adat-Zadikim.xml
added	ישראל		PER	15803	15808	Adat-Zadikim.xml
removed	המגיד מקאזעניץ	PER		15972	15986	Adat-Zadikim.xml
removed	"המגיד מקאזעניץ בעהמ""ח ספר עבודת ישראל"	PER		15972	16009	Adat-Zadikim.xml
added	המגיד		PER	15972	15977	Adat-Zadikim.xml
removed	עבודת ישראל	WOA		15998	16009	Adat-Zadikim.xml
added	קאזעניץ		GPE	16327	16334	Adat-Zadikim.xml
added	עבודת ישראל		WOA	16346	16357	Adat-Zadikim.xml
removed	"אברהם יהושיע העשיל זצ""ל מאפטע"	PER		17260	17289	Adat-Zadikim.xml
added	אברהם יהושיע העשיל		PER	17260	17278	Adat-Zadikim.xml
removed	אפטע	GPE		17313	17317	Adat-Zadikim.xml
added	אפטע		GPE	17349	17353	Adat-Zadikim.xml
removed	בארדיטשוב	GPE		17353	17362	Adat-Zadikim.xml
added	רדיטשוב		GPE	17355	17362	Adat-Zadikim.xml
removed	בעש״ט	PER		20956	20961	Adat-Zadikim.xml
removed	בראד	GPE		21430	21434	Adat-Zadikim.xml
removed	הבעש״ט	PER		21678	21684	Adat-Zadikim.xml
added	ישראל		PER	21977	21982	Adat-Zadikim.xml
added	בעש״ט		PER	22007	22012	Adat-Zadikim.xml
removed	ישראל דוב מווילעדניק	PER		22779	22799	Adat-Zadikim.xml
added	ישראל דוב		PER	22779	22788	Adat-Zadikim.xml
removed	ווילעדניק	GPE		22790	22799	Adat-Zadikim.xml
added	ווילעדניק		GPE	22859	22868	Adat-Zadikim.xml
removed	ישראל בר׳ אליעזר	PER		23405	23421	Adat-Zadikim.xml
removed	בת הבעש״ט	PER		23595	23604	Adat-Zadikim.xml
added	הבעש״ט		PER	23598	23604	Adat-Zadikim.xml
removed	ישראל בעש״ט	PER		24501	24512	Adat-Zadikim.xml
added	ישראל		PER	24501	24506	Adat-Zadikim.xml
added	בעש״ט		PER	24507	24512	Adat-Zadikim.xml
removed	הסופר ר׳ צבי	PER		25399	25411	Adat-Zadikim.xml
added	צבי		PER	25408	25411	Adat-Zadikim.xml
removed	מיכל מזלאטשוב	PER		42191	42204	Adat-Zadikim.xml
added	מיכל		PER	42191	42195	Adat-Zadikim.xml
removed	זלאטשוב	GPE		42225	42232	Adat-Zadikim.xml
added	זלאטשוב		GPE	42489	42496	Adat-Zadikim.xml
removed	מיכל מזלאטשוב	PER		43285	43298	Adat-Zadikim.xml
added	מיכל		PER	43285	43289	Adat-Zadikim.xml
removed	זלאטשוב	GPE		43319	43326	Adat-Zadikim.xml
added	זלאטשוב		GPE	44954	44961	Adat-Zadikim.xml
added	טאשאט		GPE	50111	50116	Adat-Zadikim.xml
removed	הקדוש הגדול מאפטא	PER		53206	53223	Adat-Zadikim.xml
removed	אפטא	GPE		53219	53223	Adat-Zadikim.xml
added	אפטא		GPE	53252	53256	Adat-Zadikim.xml
removed	הרב מאפטא	PER		54222	54231	Adat-Zadikim.xml
removed	אפטא	GPE		54227	54231	Adat-Zadikim.xml
added	אפטא		GPE	54329	54333	Adat-Zadikim.xml
removed	דוד ממיקלייעב	PER		69074	69087	Adat-Zadikim.xml
added	דוד		PER	69074	69077	Adat-Zadikim.xml
removed	מיקלייעב	GPE		69079	69087	Adat-Zadikim.xml
added	מיקלייעב		GPE	69105	69113	Adat-Zadikim.xml
removed	דוד מיקלייעווער	PER		75457	75472	Adat-Zadikim.xml
added	דוד		PER	75457	75460	Adat-Zadikim.xml
removed	דוד מקלייעוור	PER		75986	75999	Adat-Zadikim.xml
added	דוד		PER	75986	75989	Adat-Zadikim.xml
added	שבחי בעש״ט		WOA	77921	77931	Adat-Zadikim.xml
removed	המוכיח ר' ליב מפולנאי	PER		80916	80937	Adat-Zadikim.xml
added	ליב		PER	80926	80929	Adat-Zadikim.xml
removed	פולנאי	GPE		80931	80937	Adat-Zadikim.xml
added	פולנאי		GPE	80952	80958	Adat-Zadikim.xml
removed	הרב המוכיח	PER		81084	81094	Adat-Zadikim.xml
removed	המוכיח	PER		82533	82539	Adat-Zadikim.xml
removed	המוכיח	PER		82731	82737	Adat-Zadikim.xml
removed	הבעש״ט	PER		82993	82999	Adat-Zadikim.xml
added	הבעש״ט		PER	83362	83368	Adat-Zadikim.xml
added	שלאחטיטש		PER	84061	84069	Adat-Zadikim.xml
added	אליהו		PER	84996	85001	Adat-Zadikim.xml
removed	"מנחם מענדיל נ""י מוויטעפסק בעהמ""ח ספר פרי הארץ"	PER		85876	85921	Adat-Zadikim.xml
added	מנחם מענדיל		PER	85876	85887	Adat-Zadikim.xml
removed	וויטעפסק	GPE		85921	85929	Adat-Zadikim.xml
added	וויטעפסק		GPE	85943	85951	Adat-Zadikim.xml
removed	המגיד הגדול ממעזריטש	PER		85999	86019	Adat-Zadikim.xml
added	המגיד		PER	85999	86004	Adat-Zadikim.xml
removed	מעזריטש	GPE		86040	86047	Adat-Zadikim.xml
added	מעזריטש		GPE	86061	86068	Adat-Zadikim.xml
removed	הה״מ הגדול	PER		86300	86310	Adat-Zadikim.xml
added	הה״מ		PER	86300	86304	Adat-Zadikim.xml
added	מענדיל		PER	86465	86471	Adat-Zadikim.xml
removed	בעהמ״ח תולדות יעקב יוסף	PER		88195	88218	Adat-Zadikim.xml
removed	תולדות יעקב יוסף	WOA		88230	88246	Adat-Zadikim.xml
added	תולדות יעקב יוסף		WOA	88235	88251	Adat-Zadikim.xml
added	יעקב יוסף		PER	88242	88251	Adat-Zadikim.xml
removed	המוכיח	PER		88251	88257	Adat-Zadikim.xml
removed	"הרב בת""י"	PER		88500	88508	Adat-Zadikim.xml
removed	"ת""י"	WOA		88505	88508	Adat-Zadikim.xml
added	"ת""י"		WOA	88610	88613	Adat-Zadikim.xml
removed	"יעקב יוסף בעהמ""ח התולדות י""י"	PER		89348	89376	Adat-Zadikim.xml
removed	"תולדות י""י"	WOA		89390	89400	Adat-Zadikim.xml
added	"תולדות י""י"		WOA	89431	89441	Adat-Zadikim.xml
added	"רשכב""ה"		PER	91369	91375	Adat-Zadikim.xml
removed	אברהם יהושוע העשיל מאפטא	PER		91379	91403	Adat-Zadikim.xml
added	אברהם יהושוע העשיל		PER	91379	91397	Adat-Zadikim.xml
removed	אפטא	GPE		91399	91403	Adat-Zadikim.xml
added	אפטא		GPE	91452	91456	Adat-Zadikim.xml
removed	מדינת וואלחיי	PER		91540	91553	Adat-Zadikim.xml
added	וואלחיי		GPE	91570	91577	Adat-Zadikim.xml
added	המגיד		PER	113211	113216	Adat-Zadikim.xml
removed	קאזעניץ	GPE		113246	113253	Adat-Zadikim.xml
added	קאזעניץ		GPE	113261	113268	Adat-Zadikim.xml
removed	יעקב יצחק מלובלין	PER		113268	113285	Adat-Zadikim.xml
removed	לובלין	GPE		113279	113285	Adat-Zadikim.xml
added	לובלין		GPE	113345	113351	Adat-Zadikim.xml
added	המגיד		PER	113351	113356	Adat-Zadikim.xml
removed	קאזעניץ	GPE		113382	113389	Adat-Zadikim.xml
added	יעקב יצחק		PER	114764	114773	Adat-Zadikim.xml
removed	המגיד מקאזעניץ	PER		114916	114930	Adat-Zadikim.xml
added	המגיד		PER	114916	114921	Adat-Zadikim.xml
removed	קאזעניץ	GPE		114923	114930	Adat-Zadikim.xml
added	קאזעניץ		GPE	115175	115182	Adat-Zadikim.xml
removed	קאזעניץ	GPE		115280	115287	Adat-Zadikim.xml
added	קאזעניץ		GPE	115877	115884	Adat-Zadikim.xml
removed	הרה״ק מלובלין	PER		116110	116123	Adat-Zadikim.xml
added	הרה״ק		PER	116110	116115	Adat-Zadikim.xml
removed	לובלין	GPE		116145	116151	Adat-Zadikim.xml
added	לובלין		GPE	116186	116192	Adat-Zadikim.xml
added	הרה״ק		PER	116828	116833	Adat-Zadikim.xml
added	הרה״ק		PER	116917	116922	Adat-Zadikim.xml
added	באלטע		GPE	117002	117007	Adat-Zadikim.xml
removed	הרה״ק מלובלין	PER		118171	118184	Adat-Zadikim.xml
added	הרה״ק		PER	118171	118176	Adat-Zadikim.xml
removed	לובלין	GPE		118206	118212	Adat-Zadikim.xml
added	לובלין		GPE	118485	118491	Adat-Zadikim.xml
added	ליב		PER	120250	120253	Adat-Zadikim.xml
removed	באלטע	GPE		122753	122758	Adat-Zadikim.xml
removed	ליב מסַוואלק בן ר׳ אליעזר	PER		123341	123366	Adat-Zadikim.xml
added	ליב		PER	123341	123344	Adat-Zadikim.xml
removed	סַוואלק	GPE		123346	123353	Adat-Zadikim.xml
added	סַוואלק		GPE	123480	123487	Adat-Zadikim.xml
added	אליעזר		PER	123518	123524	Adat-Zadikim.xml
removed	לובלין	GPE		123869	123875	Adat-Zadikim.xml
removed	קאזעניץ	GPE		124368	124375	Adat-Zadikim.xml
added	הה״מ		PER	124387	124391	Adat-Zadikim.xml
added	"רשכב""ה"		PER	131601	131607	Adat-Zadikim.xml
removed	המגיד הגדול ממעזריטש	PER		131612	131632	Adat-Zadikim.xml
added	המגיד		PER	131612	131617	Adat-Zadikim.xml
removed	מעזריטש	GPE		131653	131660	Adat-Zadikim.xml
added	מעזריטש		GPE	131669	131676	Adat-Zadikim.xml
removed	הדאקטער גארדע	PER		131676	131689	Adat-Zadikim.xml
added	רפאל		PER	132557	132561	Adat-Zadikim.xml
removed	הרב דחאטין	PER		139735	139745	Adat-Zadikim.xml
removed	חאטין	GPE		139740	139745	Adat-Zadikim.xml
added	חאטין		GPE	139777	139782	Adat-Zadikim.xml
removed	הצדיק גארדע	PER		139782	139793	Adat-Zadikim.xml
added	גארדע		PER	139788	139793	Adat-Zadikim.xml
added	גארדי		PER	139853	139858	Adat-Zadikim.xml
removed	הצדיק גארדע	PER		139947	139958	Adat-Zadikim.xml
added	גארדע		PER	139953	139958	Adat-Zadikim.xml
added	כש״ט		WOA	141236	141240	Adat-Zadikim.xml
added	תולדות יעקב יוסף		WOA	141269	141285	Adat-Zadikim.xml
added	כתר שם טוב		WOA	141525	141535	Adat-Zadikim.xml
added	הבעש״ט		PER	141632	141638	Adat-Zadikim.xml
removed	דוב	PER		143064	143067	Adat-Zadikim.xml
added	"דוב א""ע"		PER	143064	143071	Adat-Zadikim.xml
removed	בעש״ט	PER		143361	143366	Adat-Zadikim.xml
removed	דוב בער	PER		143465	143472	Adat-Zadikim.xml
removed	דוב	PER		143530	143533	Adat-Zadikim.xml
removed	הבעש״ט	PER		143649	143655	Adat-Zadikim.xml
removed	הבעש״ט	PER		143715	143721	Adat-Zadikim.xml
removed	הבעש״ט	PER		143817	143823	Adat-Zadikim.xml
removed	הבעש״ט	PER		143906	143912	Adat-Zadikim.xml
removed	דוב בער	PER		144320	144327	Adat-Zadikim.xml
removed	ארץ הקדושה	GPE		144565	144575	Adat-Zadikim.xml
added	"תק""ז"		TIMEX	144585	144589	Adat-Zadikim.xml
removed	אהרן מקארלין	PER		147674	147686	Adat-Zadikim.xml
added	אהרן		PER	147674	147678	Adat-Zadikim.xml
removed	קארלין	GPE		147680	147686	Adat-Zadikim.xml
added	קארלין		GPE	147723	147729	Adat-Zadikim.xml
added	למברג		GPE	148028	148033	Adat-Zadikim.xml
added	1864		TIMEX	148034	148038	Adat-Zadikim.xml
added	למברג		GPE	148129	148134	Adat-Zadikim.xml
added	1869		TIMEX	148163	148167	Adat-Zadikim.xml
added	S.L.Kugel Lewin, et Comp. Verlag von J.M.Stand.		ORG	148177	148224	Adat-Zadikim.xml
removed	"בת הרר""א"	PER		150581	150589	Adat-Zadikim.xml
added	"הרר""א"		PER	150584	150589	Adat-Zadikim.xml
removed	מנחם נחום מטשארנאביל	PER		150607	150627	Adat-Zadikim.xml
added	מנחם נחום		PER	150607	150616	Adat-Zadikim.xml
removed	טשארנאביל	GPE		150646	150655	Adat-Zadikim.xml
added	טשארנאביל		GPE	150689	150698	Adat-Zadikim.xml
removed	מרדכי מטשארנאביל	PER		150698	150714	Adat-Zadikim.xml
added	מרדכי		PER	150698	150703	Adat-Zadikim.xml
removed	טשארנאביל	GPE		150705	150714	Adat-Zadikim.xml
added	טשארנאביל		GPE	150733	150742	Adat-Zadikim.xml
removed	"מנחם מענדיל ז""ל מוויטעפסק (בעמ״ח פרי הארץ)"	PER		150864	150906	Adat-Zadikim.xml
added	מנחם מענדיל		PER	150864	150875	Adat-Zadikim.xml
removed	וויטעפסק	GPE		150881	150889	Adat-Zadikim.xml
removed	פרי הארץ	WOA		150897	150905	Adat-Zadikim.xml
added	וויטעפסק		GPE	150952	150960	Adat-Zadikim.xml
added	פרי הארץ		WOA	150968	150976	Adat-Zadikim.xml
removed	בת הרב ר׳ אהרן	PER		151013	151027	Adat-Zadikim.xml
added	אהרן		PER	151023	151027	Adat-Zadikim.xml
removed	"רש""ז בעהמ""ח התניא"	PER		151526	151543	Adat-Zadikim.xml
added	"רש""ז"		PER	151526	151530	Adat-Zadikim.xml
removed	התניא	WOA		151538	151543	Adat-Zadikim.xml
added	התניא		WOA	151562	151567	Adat-Zadikim.xml
added	"הרר""מ"		PER	151766	151771	Adat-Zadikim.xml
removed	"רר""מ"	PER		151767	151771	Adat-Zadikim.xml
added	ה' אלפים שלש מאות וחמש עשרה		TIMEX	153077	153104	Adat-Zadikim.xml
removed	"האב״ד דק""ק קראקא"	PER		153174	153190	Adat-Zadikim.xml
removed	קראקא	GPE		153185	153190	Adat-Zadikim.xml
added	קראקא		GPE	153329	153334	Adat-Zadikim.xml
removed	"משה בעל המפה על הש""ע"	PER		153575	153595	Adat-Zadikim.xml
added	משה		PER	153575	153578	Adat-Zadikim.xml
removed	"המפה על הש""ע"	WOA		153583	153595	Adat-Zadikim.xml
added	קראקא		GPE	153756	153761	Adat-Zadikim.xml
removed	קראקא	GPE		153792	153797	Adat-Zadikim.xml
removed	קראקא	GPE		154652	154657	Adat-Zadikim.xml
added	משה		PER	154720	154723	Adat-Zadikim.xml
removed	"משה אב""ד ושר העיר קראקא"	PER		156341	156364	Adat-Zadikim.xml
removed	קראקא	GPE		156359	156364	Adat-Zadikim.xml
added	קראקא		GPE	156603	156608	Adat-Zadikim.xml
added	קראקא		GPE	159917	159922	Adat-Zadikim.xml
added	קראקא		GPE	161224	161229	Adat-Zadikim.xml
removed	חיים ברבי בצלאל בעל המחבר ספר החיים וספר אגרת הטיול	PER		162265	162316	Adat-Zadikim.xml
added	חיים ברבי בצלאל		PER	162265	162280	Adat-Zadikim.xml
removed	ספר החיים	WOA		162291	162300	Adat-Zadikim.xml
removed	אגרת הטיול	WOA		162334	162344	Adat-Zadikim.xml
added	ספר החיים		WOA	162336	162345	Adat-Zadikim.xml
added	אגרת הטיול		WOA	162379	162389	Adat-Zadikim.xml
removed	"מוהר""ל מפראג"	PER		162389	162401	Adat-Zadikim.xml
added	"מוהר""ל"		PER	162389	162395	Adat-Zadikim.xml
removed	פראג	GPE		162397	162401	Adat-Zadikim.xml
added	פראג		GPE	162488	162492	Adat-Zadikim.xml
added	פראגקראקא		GPE	162488	162497	Adat-Zadikim.xml
removed	קראקא	GPE		162492	162497	Adat-Zadikim.xml
removed	רבי חיים	PER		163291	163299	Adat-Zadikim.xml
added	חיים		PER	163295	163299	Adat-Zadikim.xml
added	"ה׳ אלפים של""ג"		TIMEX	173727	173740	Adat-Zadikim.xml
added	"ל""ג בעומר"		TIMEX	173746	173755	Adat-Zadikim.xml
removed	יוסף קארו קארי	PER		178585	178599	Adat-Zadikim.xml
added	הד׳ טורים		WOA	179019	179028	Adat-Zadikim.xml
added	שלחן ערוך		WOA	179074	179083	Adat-Zadikim.xml
added	משה		PER	179149	179152	Adat-Zadikim.xml
removed	שי״ת	MISC		8487	8491	Buzina_Denehora.xml
added	שית		MISC	9601	9604	Buzina_Denehora.xml
removed	התורה	WOA		13258	13263	Buzina_Denehora.xml
removed	ד'	MISC		13356	13358	Buzina_Denehora.xml
removed	משנה	WOA		23738	23742	Buzina_Denehora.xml
added	המגיד		PER	23774	23779	Buzina_Denehora.xml
added	המגיד		PER	23887	23892	Buzina_Denehora.xml
added	המגיד		PER	23933	23938	Buzina_Denehora.xml
removed	ד	MISC		33316	33317	Buzina_Denehora.xml
added	בוצינא דנהורא		WOA	38363	38376	Buzina_Denehora.xml
removed	ד	MISC		54727	54728	Buzina_Denehora.xml
added	הבעש״ט		PER	54970	54976	Buzina_Denehora.xml
added	בעש״ט		PER	54971	54976	Buzina_Denehora.xml
removed	ד'	MISC		55308	55310	Buzina_Denehora.xml
added	"דהמע""ה"		PER	55396	55402	Buzina_Denehora.xml
reclassified	רש״י	WOA	PER	55556	55560	Buzina_Denehora.xml
added	ויקרא		WOA	55565	55570	Buzina_Denehora.xml
removed	יקרא	WOA		55566	55570	Buzina_Denehora.xml
removed	קב	MISC		55674	55676	Buzina_Denehora.xml
removed	קב	MISC		55798	55800	Buzina_Denehora.xml
removed	"מו""ה"	PER		56009	56013	Buzina_Denehora.xml
removed	״	PER		56054	56055	Buzina_Denehora.xml
added	מוצא		GPE	56598	56602	Buzina_Denehora.xml
removed	בירושלים	GPE		56705	56713	Buzina_Denehora.xml
added	ירושלים		GPE	56706	56713	Buzina_Denehora.xml
removed	"שי""ת"	MISC		56821	56825	Buzina_Denehora.xml
added	מוצא		GPE	56937	56941	Buzina_Denehora.xml
added	בוצינא דנהורא		WOA	61270	61283	Buzina_Denehora.xml
removed	ספר	WOA		61770	61773	Buzina_Denehora.xml
added	וישב		WOA	61794	61798	Buzina_Denehora.xml
removed	ד	MISC		63320	63321	Buzina_Denehora.xml
removed	ד	MISC		63333	63334	Buzina_Denehora.xml
added	ד		MISC	63494	63495	Buzina_Denehora.xml
added	ד		MISC	63498	63499	Buzina_Denehora.xml
added	רבוצינא דנהורא		WOA	64523	64537	Buzina_Denehora.xml
added	המשנה		WOA	73061	73066	Buzina_Denehora.xml
removed	גמרא	WOA		73290	73294	Buzina_Denehora.xml
added	בא מציעא		WOA	73296	73304	Buzina_Denehora.xml
removed	פנחס מאוסטרא	PER		74651	74663	Buzina_Denehora.xml
added	פנחס		PER	74651	74655	Buzina_Denehora.xml
added	אוסטרא		GPE	74657	74663	Buzina_Denehora.xml
added	פולינאה		GPE	74674	74681	Buzina_Denehora.xml
removed	ספר מים קדושים	WOA		79442	79456	Buzina_Denehora.xml
added	מים קדושים		WOA	79446	79456	Buzina_Denehora.xml
removed	קב	MISC		80145	80147	Buzina_Denehora.xml
removed	ה	MISC		80161	80162	Buzina_Denehora.xml
added	מגילה		WOA	80191	80196	Buzina_Denehora.xml
added	משנה		WOA	80203	80207	Buzina_Denehora.xml
added	מגלה		WOA	80223	80227	Buzina_Denehora.xml
added	בוצינא דנהורא		WOA	81604	81617	Buzina_Denehora.xml
removed	דנהורא	PER		81611	81617	Buzina_Denehora.xml
added	שינאווי		GPE	81734	81741	Buzina_Denehora.xml
added	חמעלניק		GPE	83160	83167	Buzina_Denehora.xml
removed	יוסילי מיאמפילי	PER		83203	83218	Buzina_Denehora.xml
added	יוסילי		PER	83203	83209	Buzina_Denehora.xml
added	יאמפילי		GPE	83211	83218	Buzina_Denehora.xml
added	ר״ב		PER	83265	83268	Buzina_Denehora.xml
removed	״ב	PER		83266	83268	Buzina_Denehora.xml
removed	גמרא	WOA		83370	83374	Buzina_Denehora.xml
removed	בוצינא דנהורא	PER		83466	83479	Buzina_Denehora.xml
added	בוצינא דנהורא		WOA	83471	83484	Buzina_Denehora.xml
added	חמשה עשר בשבט		TIMEX	83928	83941	Buzina_Denehora.xml
removed	עשר בשבט	TIMEX		83933	83941	Buzina_Denehora.xml
added	"הרשב""י"		PER	84098	84104	Buzina_Denehora.xml
removed	"רשב""י"	PER		84099	84104	Buzina_Denehora.xml
added	"הרשב""י"		PER	84151	84157	Buzina_Denehora.xml
added	"הרשב""י"		PER	84159	84165	Buzina_Denehora.xml
removed	התנא	WOA		84584	84588	Buzina_Denehora.xml
reclassified	התנא	PER	WOA	84609	84613	Buzina_Denehora.xml
removed	ב	PER		84776	84777	Buzina_Denehora.xml
added	"ל""ג בעומר"		TIMEX	84777	84786	Buzina_Denehora.xml
removed	ס	WOA		84903	84904	Buzina_Denehora.xml
added	ר״ב		PER	84925	84928	Buzina_Denehora.xml
removed	ב	PER		85069	85070	Buzina_Denehora.xml
removed	זוהר	WOA		85136	85140	Buzina_Denehora.xml
added	ר״ב		PER	85180	85183	Buzina_Denehora.xml
removed	״ק	PER		85223	85225	Buzina_Denehora.xml
removed	ב	PER		85235	85236	Buzina_Denehora.xml
removed	ה'	MISC		85318	85320	Buzina_Denehora.xml
added	בוצינא דנהורא		WOA	85359	85372	Buzina_Denehora.xml
added	"ר""ש"		PER	85424	85427	Buzina_Denehora.xml
added	ש״ק		TIMEX	85535	85538	Buzina_Denehora.xml
removed	ספר מים קדושים	WOA		85553	85567	Buzina_Denehora.xml
added	מים קדושים		WOA	85557	85567	Buzina_Denehora.xml
added	ר״ב		PER	85595	85598	Buzina_Denehora.xml
removed	תורה	WOA		85610	85614	Buzina_Denehora.xml
removed	יום	TIMEX		85719	85722	Buzina_Denehora.xml
added	ר״ב		PER	85778	85781	Buzina_Denehora.xml
added	ר״ב		PER	85950	85953	Buzina_Denehora.xml
added	מים קדושים		WOA	86075	86085	Buzina_Denehora.xml
added	ר״ב		PER	86254	86257	Buzina_Denehora.xml
removed	מרגניתא טבא	PER		86258	86269	Buzina_Denehora.xml
removed	ב	PER		86285	86286	Buzina_Denehora.xml
added	"אה""ק"		GPE	86380	86384	Buzina_Denehora.xml
added	ר״ב		PER	86416	86419	Buzina_Denehora.xml
removed	צווע בענקינש	PER		87132	87144	Buzina_Denehora.xml
added	צווע בענקינש		PER	87135	87147	Buzina_Denehora.xml
added	ר״ב		PER	87512	87515	Buzina_Denehora.xml
added	"עש""ק"		TIMEX	87605	87609	Buzina_Denehora.xml
removed	הב	ORG		87915	87917	Buzina_Denehora.xml
added	"ב""ד של מעלה"		ORG	87916	87927	Buzina_Denehora.xml
removed	ד	ORG		87918	87919	Buzina_Denehora.xml
removed	מעך	PER		88621	88624	Buzina_Denehora.xml
removed	ארים	PER		88626	88630	Buzina_Denehora.xml
removed	יעקב	PER		88669	88673	Buzina_Denehora.xml
added	יעקב		PER	88674	88678	Buzina_Denehora.xml
removed	ק'	ORG		90067	90069	Buzina_Denehora.xml
removed	ק	ORG		90079	90080	Buzina_Denehora.xml
removed	ק'	GPE		90089	90091	Buzina_Denehora.xml
added	טאלטשין		GPE	90092	90099	Buzina_Denehora.xml
added	טאלטשין		GPE	90188	90195	Buzina_Denehora.xml
removed	ב	PER		90314	90315	Buzina_Denehora.xml
added	ר״ב		PER	90320	90323	Buzina_Denehora.xml
added	הבעש״ט		PER	90519	90525	Buzina_Denehora.xml
removed	״	PER		90523	90524	Buzina_Denehora.xml
added	מעזעביז		GPE	90648	90655	Buzina_Denehora.xml
removed	סדילקוב ברק	GPE		90683	90694	Buzina_Denehora.xml
added	סדילקוב		GPE	90683	90690	Buzina_Denehora.xml
added	הבעש״ט		PER	90723	90729	Buzina_Denehora.xml
removed	״ט	PER		90727	90729	Buzina_Denehora.xml
added	טאלטשין		GPE	90761	90768	Buzina_Denehora.xml
added	מעזיביז		GPE	90808	90815	Buzina_Denehora.xml
added	הבעש״ט		PER	90843	90849	Buzina_Denehora.xml
removed	״ט	PER		90847	90849	Buzina_Denehora.xml
removed	מסדילקוב	GPE		90884	90892	Buzina_Denehora.xml
added	סדילקוב		GPE	90885	90892	Buzina_Denehora.xml
added	סדילקוב		GPE	90912	90919	Buzina_Denehora.xml
added	הבעש״ט		PER	90962	90968	Buzina_Denehora.xml
removed	״ט	PER		90966	90968	Buzina_Denehora.xml
added	הבעש״ט		PER	91049	91055	Buzina_Denehora.xml
removed	״ט	PER		91053	91055	Buzina_Denehora.xml
removed	תורה	WOA		91108	91112	Buzina_Denehora.xml
removed	בוצינא דנהורא	PER		91218	91231	Buzina_Denehora.xml
added	בוצינא דנהורא		WOA	91223	91236	Buzina_Denehora.xml
added	הבעש״ט		PER	91268	91274	Buzina_Denehora.xml
removed	בעש״ט	PER		91269	91274	Buzina_Denehora.xml
removed	תורה	WOA		91313	91317	Buzina_Denehora.xml
added	הבעש״ט		PER	91425	91431	Buzina_Denehora.xml
removed	בעש״ט	PER		91426	91431	Buzina_Denehora.xml
removed	ס	WOA		91500	91501	Buzina_Denehora.xml
removed	"פנחס זצלה""ה"	PER		91784	91795	Buzina_Denehora.xml
added	פנחס		PER	91784	91788	Buzina_Denehora.xml
removed	יוסף מפילינאה	PER		91822	91835	Buzina_Denehora.xml
added	יוסף		PER	91822	91826	Buzina_Denehora.xml
removed	פילינאה	GPE		91828	91835	Buzina_Denehora.xml
added	פילינאה		GPE	91840	91847	Buzina_Denehora.xml
removed	טאביקע	GPE		92048	92054	Buzina_Denehora.xml
added	בריכיל		PER	92069	92075	Buzina_Denehora.xml
added	הבעש״ט		PER	92088	92094	Buzina_Denehora.xml
removed	בעש״ט	PER		92089	92094	Buzina_Denehora.xml
removed	טאביקע	GPE		92138	92144	Buzina_Denehora.xml
added	הבעש״ט		PER	92155	92161	Buzina_Denehora.xml
removed	בעש״ט	PER		92156	92161	Buzina_Denehora.xml
added	הבעש״ט		PER	92165	92171	Buzina_Denehora.xml
removed	בעש״ט	PER		92166	92171	Buzina_Denehora.xml
removed	טאביקע	PER		92216	92222	Buzina_Denehora.xml
removed	טאביקע	PER		92239	92245	Buzina_Denehora.xml
removed	פילינאה	GPE		92420	92427	Buzina_Denehora.xml
removed	׳	PER		92475	92476	Buzina_Denehora.xml
added	"ר""פ"		PER	92500	92503	Buzina_Denehora.xml
removed	הר׳	PER		92734	92737	Buzina_Denehora.xml
removed	פנחס	PER		92745	92749	Buzina_Denehora.xml
added	ר״פ		PER	92803	92806	Buzina_Denehora.xml
removed	הר׳ פנחס	PER		92971	92979	Buzina_Denehora.xml
added	פנחס		PER	92975	92979	Buzina_Denehora.xml
removed	זאח	PER		92982	92985	Buzina_Denehora.xml
removed	זקיני	PER		93045	93050	Buzina_Denehora.xml
added	הבעש״ט		PER	93051	93057	Buzina_Denehora.xml
removed	בעש״ט	PER		93052	93057	Buzina_Denehora.xml
removed	מגיד	PER		93066	93070	Buzina_Denehora.xml
removed	מגידי	ORG		93072	93077	Buzina_Denehora.xml
removed	מגידי	ORG		93130	93135	Buzina_Denehora.xml
removed	בוצינא דנהורא	PER		93203	93216	Buzina_Denehora.xml
added	בוצינא דנהורא		WOA	93208	93221	Buzina_Denehora.xml
added	ר״פ		PER	93244	93247	Buzina_Denehora.xml
removed	אהרן מק' מעזיביו	PER		93670	93686	Buzina_Denehora.xml
added	אהרן		PER	93670	93674	Buzina_Denehora.xml
added	מעזיביו		GPE	93679	93686	Buzina_Denehora.xml
removed	ק׳ טאלטשין	GPE		93688	93698	Buzina_Denehora.xml
removed	׳	PER		93689	93690	Buzina_Denehora.xml
added	טאלטשין		GPE	93691	93698	Buzina_Denehora.xml
removed	ק' טאלטשין	GPE		93837	93847	Buzina_Denehora.xml
added	טאלטשין		GPE	93840	93847	Buzina_Denehora.xml
removed	בית	GPE		93871	93874	Buzina_Denehora.xml
added	"ר""ב"		PER	93883	93886	Buzina_Denehora.xml
removed	אברהם	PER		94206	94211	Buzina_Denehora.xml
added	אברהם		PER	94243	94248	Buzina_Denehora.xml
removed	ציוני	WOA		94265	94270	Buzina_Denehora.xml
added	ציוני		WOA	94317	94322	Buzina_Denehora.xml
removed	יעקב	PER		94493	94497	Buzina_Denehora.xml
added	יעקב		PER	94550	94554	Buzina_Denehora.xml
removed	אכסניא	GPE		94629	94635	Buzina_Denehora.xml
removed	שבת	TIMEX		94638	94641	Buzina_Denehora.xml
removed	ק׳ טאלטשין	GPE		94643	94653	Buzina_Denehora.xml
added	טאלטשין		GPE	94646	94653	Buzina_Denehora.xml
added	פאטשטין		GPE	94767	94774	Buzina_Denehora.xml
added	ר״ב		PER	94881	94884	Buzina_Denehora.xml
removed	אלקים	MISC		95036	95041	Buzina_Denehora.xml
removed	בני מו׳	PER		95187	95194	Buzina_Denehora.xml
removed	בוצינא דנהירא	PER		95249	95262	Buzina_Denehora.xml
added	בוצינא דנהירא		WOA	95254	95267	Buzina_Denehora.xml
added	הבעש״ט		PER	95651	95657	Buzina_Denehora.xml
removed	״ט	PER		95655	95657	Buzina_Denehora.xml
removed	אביגדר מק׳ ליטין	PER		95804	95820	Buzina_Denehora.xml
added	אביגדר		PER	95804	95810	Buzina_Denehora.xml
removed	ק׳ ליטין	GPE		95812	95820	Buzina_Denehora.xml
added	ליטין		GPE	95832	95837	Buzina_Denehora.xml
removed	חיים טשערניוויצער	PER		95837	95854	Buzina_Denehora.xml
added	חיים		PER	95837	95841	Buzina_Denehora.xml
added	טשערניוויצערוואליחיי		GPE	95851	95871	Buzina_Denehora.xml
removed	וואליחיי מק' באטישאהן	PER		95863	95884	Buzina_Denehora.xml
removed	ק' באטישאהן	GPE		95873	95884	Buzina_Denehora.xml
added	באטישאהן		GPE	95878	95886	Buzina_Denehora.xml
removed	ק׳ מעזיביז	GPE		95886	95896	Buzina_Denehora.xml
added	מעזיביז		GPE	95889	95896	Buzina_Denehora.xml
added	הבעש״ט		PER	95910	95916	Buzina_Denehora.xml
removed	בעש״ט	PER		95911	95916	Buzina_Denehora.xml
removed	ק׳ מעזיבוז	GPE		95925	95935	Buzina_Denehora.xml
added	מעזיבוז		GPE	95928	95935	Buzina_Denehora.xml
removed	ק׳ טאלטשין	GPE		96004	96014	Buzina_Denehora.xml
added	טאלטשין		GPE	96007	96014	Buzina_Denehora.xml
removed	ב	PER		96033	96034	Buzina_Denehora.xml
added	ר״ח		PER	96035	96038	Buzina_Denehora.xml
added	ר״ב		PER	96048	96051	Buzina_Denehora.xml
removed	״ב	PER		96049	96051	Buzina_Denehora.xml
removed	ב	PER		96083	96084	Buzina_Denehora.xml
removed	׳	PER		96087	96088	Buzina_Denehora.xml
added	צ״ח		PER	96089	96092	Buzina_Denehora.xml
removed	ק׳ ליטין	GPE		96114	96122	Buzina_Denehora.xml
added	ליטין		GPE	96117	96122	Buzina_Denehora.xml
added	ר״ב		PER	96135	96138	Buzina_Denehora.xml
removed	הר׳ אביגדור	PER		96213	96224	Buzina_Denehora.xml
added	אביגדור		PER	96217	96224	Buzina_Denehora.xml
removed	ק׳ ליטין	GPE		96238	96246	Buzina_Denehora.xml
added	ליטין		GPE	96241	96246	Buzina_Denehora.xml
removed	״ב	PER		96286	96288	Buzina_Denehora.xml
removed	ב	PER		96305	96306	Buzina_Denehora.xml
added	ר״ח		PER	96335	96338	Buzina_Denehora.xml
added	ר״ב		PER	96344	96347	Buzina_Denehora.xml
removed	אביגדר	PER		96455	96461	Buzina_Denehora.xml
removed	ב	PER		96464	96465	Buzina_Denehora.xml
added	ר״ב		PER	96524	96527	Buzina_Denehora.xml
removed	אביגדור	PER		96588	96595	Buzina_Denehora.xml
removed	ר	PER		96612	96613	Buzina_Denehora.xml
removed	ב	PER		96616	96617	Buzina_Denehora.xml
added	"ש""ע או״ח"		WOA	96631	96639	Buzina_Denehora.xml
added	"ש""ע או""ח"		WOA	96699	96707	Buzina_Denehora.xml
added	ר״ח		PER	96726	96729	Buzina_Denehora.xml
added	ר״ח		PER	96749	96752	Buzina_Denehora.xml
added	ר״ב		PER	96764	96767	Buzina_Denehora.xml
added	ר״ח		PER	96862	96865	Buzina_Denehora.xml
added	ר״ב		PER	96877	96880	Buzina_Denehora.xml
added	ר״ב		PER	96964	96967	Buzina_Denehora.xml
added	ר״ב		PER	97128	97131	Buzina_Denehora.xml
removed	ימינאדע	PER		97155	97162	Buzina_Denehora.xml
removed	ב	PER		97171	97172	Buzina_Denehora.xml
added	ר״ח		PER	97215	97218	Buzina_Denehora.xml
removed	ח	PER		97217	97218	Buzina_Denehora.xml
removed	בוצינא	MISC		97289	97295	Buzina_Denehora.xml
removed	דנהורא	PER		97296	97302	Buzina_Denehora.xml
removed	"ר""ח"	PER		97436	97439	Buzina_Denehora.xml
removed	ב	PER		97443	97444	Buzina_Denehora.xml
added	ר״ב		PER	97445	97448	Buzina_Denehora.xml
removed	ב	PER		97447	97448	Buzina_Denehora.xml
added	"הבעש""ע"		PER	97465	97471	Buzina_Denehora.xml
removed	"בעש""ע"	ORG		97466	97471	Buzina_Denehora.xml
removed	ק	ORG		97517	97518	Buzina_Denehora.xml
added	ר״ב		PER	97535	97538	Buzina_Denehora.xml
added	מנחם אב		TIMEX	97550	97557	Buzina_Denehora.xml
removed	אב	PER		97555	97557	Buzina_Denehora.xml
added	ר״ח		PER	97583	97586	Buzina_Denehora.xml
removed	״ח	PER		97584	97586	Buzina_Denehora.xml
added	וואליחיי		GPE	97616	97624	Buzina_Denehora.xml
removed	ק	ORG		97640	97641	Buzina_Denehora.xml
added	"הבעש""ט"		PER	97694	97700	Buzina_Denehora.xml
removed	"בעש""ט"	PER		97695	97700	Buzina_Denehora.xml
added	ר״ב		PER	97746	97749	Buzina_Denehora.xml
removed	״ב	PER		97747	97749	Buzina_Denehora.xml
removed	ב	PER		97793	97794	Buzina_Denehora.xml
added	ר״ב		PER	97823	97826	Buzina_Denehora.xml
added	ר״ח		PER	97855	97858	Buzina_Denehora.xml
removed	״ח	PER		97856	97858	Buzina_Denehora.xml
added	ר״ח		PER	97919	97922	Buzina_Denehora.xml
removed	״ח	PER		97920	97922	Buzina_Denehora.xml
removed	ב	PER		97931	97932	Buzina_Denehora.xml
added	ר״ב		PER	98001	98004	Buzina_Denehora.xml
added	ר״ח		PER	98101	98104	Buzina_Denehora.xml
removed	״ח	PER		98102	98104	Buzina_Denehora.xml
added	ר״ח		PER	98147	98150	Buzina_Denehora.xml
removed	ח	PER		98149	98150	Buzina_Denehora.xml
removed	ב	PER		98166	98167	Buzina_Denehora.xml
added	ר״ב		PER	98192	98195	Buzina_Denehora.xml
added	הבעש״ט		PER	98253	98259	Buzina_Denehora.xml
removed	״ט	PER		98257	98259	Buzina_Denehora.xml
removed	פעם א׳	PER		98316	98322	Buzina_Denehora.xml
removed	ר	PER		98325	98326	Buzina_Denehora.xml
removed	ב	PER		98349	98350	Buzina_Denehora.xml
added	"ר""ח"		PER	98524	98527	Buzina_Denehora.xml
added	ר״ב		PER	98662	98665	Buzina_Denehora.xml
removed	מגיד	WOA		98683	98687	Buzina_Denehora.xml
added	מעזריטשי		GPE	98697	98705	Buzina_Denehora.xml
added	המגיד		PER	98724	98729	Buzina_Denehora.xml
removed	מגיד	WOA		98725	98729	Buzina_Denehora.xml
added	המגיד		PER	98784	98789	Buzina_Denehora.xml
removed	מגיד	WOA		98785	98789	Buzina_Denehora.xml
removed	מגיד	WOA		98817	98821	Buzina_Denehora.xml
added	הבעש״ט		PER	98851	98857	Buzina_Denehora.xml
removed	בעש״ט	PER		98852	98857	Buzina_Denehora.xml
added	המגיד		PER	98930	98935	Buzina_Denehora.xml
removed	מגיד	PER		98931	98935	Buzina_Denehora.xml
added	ר״ב		PER	98968	98971	Buzina_Denehora.xml
removed	ב	PER		98970	98971	Buzina_Denehora.xml
added	הבעש״ט		PER	98976	98982	Buzina_Denehora.xml
removed	בעש״ט	PER		98977	98982	Buzina_Denehora.xml
removed	ר	PER		99002	99003	Buzina_Denehora.xml
removed	ק׳ אוסטראה	GPE		99076	99086	Buzina_Denehora.xml
added	אוסטראה		GPE	99079	99086	Buzina_Denehora.xml
removed	ר'	PER		99144	99146	Buzina_Denehora.xml
removed	מדי	PER		99153	99156	Buzina_Denehora.xml
added	ר״ב		PER	99178	99181	Buzina_Denehora.xml
removed	״ב	PER		99179	99181	Buzina_Denehora.xml
removed	ר׳	PER		99206	99208	Buzina_Denehora.xml
added	ר״פ		PER	99233	99236	Buzina_Denehora.xml
removed	׳	PER		99279	99280	Buzina_Denehora.xml
removed	בוצינא דנהורא	PER		99368	99381	Buzina_Denehora.xml
added	בוצינא דנהורא		WOA	99373	99386	Buzina_Denehora.xml
added	המגיד		PER	99425	99430	Buzina_Denehora.xml
added	"רר""ב"		PER	99774	99778	Buzina_Denehora.xml
removed	מסיקאל	PER		99803	99809	Buzina_Denehora.xml
added	סיקאל		PER	99804	99809	Buzina_Denehora.xml
removed	ב	PER		99844	99845	Buzina_Denehora.xml
added	ר״ב		PER	99846	99849	Buzina_Denehora.xml
removed	ה	MISC		100005	100006	Buzina_Denehora.xml
removed	שיר השירים נערב	WOA		101106	101121	Buzina_Denehora.xml
added	שיר השירים		WOA	101106	101116	Buzina_Denehora.xml
removed	שבת	TIMEX		101127	101130	Buzina_Denehora.xml
removed	שלמה המלך	PER		101229	101238	Buzina_Denehora.xml
added	שלמה		PER	101229	101233	Buzina_Denehora.xml
removed	״	PER		101245	101246	Buzina_Denehora.xml
added	מוהר״ר צבי		PER	101468	101478	Buzina_Denehora.xml
removed	צבי מזידיטשוב	PER		101475	101488	Buzina_Denehora.xml
added	זידיטשוב		GPE	101480	101488	Buzina_Denehora.xml
removed	בוצינא דנהורא	PER		101548	101561	Buzina_Denehora.xml
added	בוצינא דנהורא		WOA	101553	101566	Buzina_Denehora.xml
added	מעזיביו		GPE	101600	101607	Buzina_Denehora.xml
removed	ד	MISC		101666	101667	Buzina_Denehora.xml
added	"מהר""צ"		PER	101753	101758	Buzina_Denehora.xml
added	"מהר""צ"		PER	102182	102187	Buzina_Denehora.xml
removed	אלקים	MISC		102246	102251	Buzina_Denehora.xml
removed	ד	MISC		102284	102285	Buzina_Denehora.xml
removed	ד'	PER		102557	102559	Buzina_Denehora.xml
added	מעזיביו		GPE	102778	102785	Buzina_Denehora.xml
removed	ד	MISC		102802	102803	Buzina_Denehora.xml
removed	הר׳ ליב	PER		102897	102904	Buzina_Denehora.xml
added	ליב		PER	102901	102904	Buzina_Denehora.xml
added	לעטיטשוב		GPE	102906	102914	Buzina_Denehora.xml
removed	הר	PER		102934	102936	Buzina_Denehora.xml
added	הרמשה חיים אפרים		PER	102949	102965	Buzina_Denehora.xml
removed	משה חיים אפרים מסדילקיב	PER		102951	102974	Buzina_Denehora.xml
removed	סדילקיב	GPE		102967	102974	Buzina_Denehora.xml
added	סדילקיב		GPE	102973	102980	Buzina_Denehora.xml
added	"הבעש""ט"		PER	103011	103017	Buzina_Denehora.xml
removed	"בעש""ט"	PER		103012	103017	Buzina_Denehora.xml
added	הבעש״ט		PER	103042	103048	Buzina_Denehora.xml
added	מט״ט		PER	103237	103241	Buzina_Denehora.xml
reclassified	סדילקוב	PER	GPE	103276	103283	Buzina_Denehora.xml
removed	הר׳ ליב	PER		103366	103373	Buzina_Denehora.xml
added	ליב		PER	103370	103373	Buzina_Denehora.xml
added	בוצינא דנהורא		WOA	103503	103516	Buzina_Denehora.xml
removed	דנהורא	PER		103510	103516	Buzina_Denehora.xml
added	הבעש״ט		PER	10856	10862	Hitgalut-HaZadikim.xml
added	תקי״ז		TIMEX	10915	10920	Hitgalut-HaZadikim.xml
added	הבעש״ט		PER	10980	10986	Hitgalut-HaZadikim.xml
added	חנה		PER	11048	11051	Hitgalut-HaZadikim.xml
added	הבעש״ט		PER	11208	11214	Hitgalut-HaZadikim.xml
added	ישראל		PER	11237	11242	Hitgalut-HaZadikim.xml
added	נחמן קאסיווער		PER	13028	13041	Hitgalut-HaZadikim.xml
added	נחמן קאסיווער		PER	13169	13182	Hitgalut-HaZadikim.xml
added	ארץ ישראל		GPE	14303	14312	Hitgalut-HaZadikim.xml
added	עטרת יעקב וישראל		WOA	15250	15266	Hitgalut-HaZadikim.xml
added	ישראל		PER	15337	15342	Hitgalut-HaZadikim.xml
added	קאזניץ		GPE	15350	15356	Hitgalut-HaZadikim.xml
added	קאזניץ		GPE	15408	15414	Hitgalut-HaZadikim.xml
added	פילוב		GPE	15806	15811	Hitgalut-HaZadikim.xml
added	ראנוויץ		GPE	15864	15871	Hitgalut-HaZadikim.xml
added	פילוב		GPE	15900	15905	Hitgalut-HaZadikim.xml
added	גניוואשאוו		GPE	15911	15921	Hitgalut-HaZadikim.xml
added	ווייכסיל		GPE	15931	15939	Hitgalut-HaZadikim.xml
added	פילוב		GPE	16004	16009	Hitgalut-HaZadikim.xml
added	פילוב		GPE	16047	16052	Hitgalut-HaZadikim.xml
added	קשאנזי שאטרינסקי		PER	16154	16170	Hitgalut-HaZadikim.xml
added	מיכאל		PER	17094	17099	Hitgalut-HaZadikim.xml
added	מעכיוו		GPE	17408	17414	Hitgalut-HaZadikim.xml
added	קראקא		GPE	17425	17430	Hitgalut-HaZadikim.xml
added	פילוב		GPE	17831	17836	Hitgalut-HaZadikim.xml
added	דובענקא		GPE	18591	18598	Hitgalut-HaZadikim.xml
added	הארובשוב		GPE	18610	18618	Hitgalut-HaZadikim.xml
added	פילוב		GPE	18752	18757	Hitgalut-HaZadikim.xml
added	מיכאל		PER	19556	19561	Hitgalut-HaZadikim.xml
added	אפרים פישל		PER	19821	19831	Hitgalut-HaZadikim.xml
added	פילוב		GPE	19843	19848	Hitgalut-HaZadikim.xml
added	לובלין		GPE	48800	48806	Hitgalut-HaZadikim.xml
added	לאנצהוט		GPE	48867	48874	Hitgalut-HaZadikim.xml
added	גאליציען		GPE	48883	48891	Hitgalut-HaZadikim.xml
added	הבית יוסף		PER	49031	49040	Hitgalut-HaZadikim.xml
added	יעקב יצחק		PER	49137	49146	Hitgalut-HaZadikim.xml
added	לאנצהוט		GPE	49203	49210	Hitgalut-HaZadikim.xml
added	ווינאווי		GPE	49233	49241	Hitgalut-HaZadikim.xml
added	ווינאווי		GPE	49759	49767	Hitgalut-HaZadikim.xml
added	ווינאווי		GPE	50075	50083	Hitgalut-HaZadikim.xml
added	צשעכיוו		GPE	50399	50406	Hitgalut-HaZadikim.xml
added	לובלין		GPE	50412	50418	Hitgalut-HaZadikim.xml
added	ווינאווי		GPE	50455	50463	Hitgalut-HaZadikim.xml
added	צשעכיוו		GPE	50472	50479	Hitgalut-HaZadikim.xml
added	צשעכיוו		GPE	50508	50515	Hitgalut-HaZadikim.xml
added	טהור רעיונים		WOA	50553	50565	Hitgalut-HaZadikim.xml
added	צשעכיוו		GPE	50594	50601	Hitgalut-HaZadikim.xml
added	ווינאווי		GPE	50617	50625	Hitgalut-HaZadikim.xml
added	צשעכיוו		GPE	50634	50641	Hitgalut-HaZadikim.xml
added	צשעכיוו		GPE	50854	50861	Hitgalut-HaZadikim.xml
added	טשעכיוו		GPE	50974	50981	Hitgalut-HaZadikim.xml
added	טשעכיוו		GPE	51008	51015	Hitgalut-HaZadikim.xml
added	לובלין		GPE	51252	51258	Hitgalut-HaZadikim.xml
added	משה		PER	51480	51483	Hitgalut-HaZadikim.xml
added	אלימלך		PER	51547	51553	Hitgalut-HaZadikim.xml
added	לובלין		GPE	51627	51633	Hitgalut-HaZadikim.xml
added	צשעכיוו		GPE	51975	51982	Hitgalut-HaZadikim.xml
added	לובלין		GPE	52686	52692	Hitgalut-HaZadikim.xml
added	לובלין		GPE	53374	53380	Hitgalut-HaZadikim.xml
added	לובלין		GPE	53745	53751	Hitgalut-HaZadikim.xml
added	לובלין		GPE	54280	54286	Hitgalut-HaZadikim.xml
added	תקע״ה		TIMEX	54774	54779	Hitgalut-HaZadikim.xml
added	קלימינטוב		GPE	54859	54868	Hitgalut-HaZadikim.xml
added	אופלא		GPE	54916	54921	Hitgalut-HaZadikim.xml
added	הבעש״ט		PER	71876	71882	Hitgalut-HaZadikim.xml
added	אהרן שמואל		PER	71921	71931	Hitgalut-HaZadikim.xml
added	הבעש״ט		PER	71964	71970	Hitgalut-HaZadikim.xml
added	הבעש״ט		PER	72133	72139	Hitgalut-HaZadikim.xml
added	הבעש״ט		PER	72301	72307	Hitgalut-HaZadikim.xml
added	הבעש״ט		PER	72465	72471	Hitgalut-HaZadikim.xml
added	הבעש״ט		PER	72666	72672	Hitgalut-HaZadikim.xml
added	הבעש״ט		PER	72785	72791	Hitgalut-HaZadikim.xml
added	זוה״ק		WOA	74144	74149	Hitgalut-HaZadikim.xml
added	אהרן שמואל		PER	74768	74778	Hitgalut-HaZadikim.xml
added	במדבר ט׳ ח׳		WOA	74791	74802	Hitgalut-HaZadikim.xml
added	משה		PER	74821	74824	Hitgalut-HaZadikim.xml
added	משרע״ה		PER	74876	74882	Hitgalut-HaZadikim.xml
added	משה		PER	74915	74918	Hitgalut-HaZadikim.xml
added	"הבעש""ט"		PER	75021	75027	Hitgalut-HaZadikim.xml
added	"משרע""ה"		PER	75096	75102	Hitgalut-HaZadikim.xml
added	"משרע""ה"		PER	75134	75140	Hitgalut-HaZadikim.xml
added	הבעש״ט		PER	75337	75343	Hitgalut-HaZadikim.xml
added	אורי		PER	75410	75414	Hitgalut-HaZadikim.xml
added	סטרעליסק		GPE	75416	75424	Hitgalut-HaZadikim.xml
added	שלמה		PER	75489	75493	Hitgalut-HaZadikim.xml
added	קארלין		GPE	75495	75501	Hitgalut-HaZadikim.xml
added	זאב		PER	75524	75527	Hitgalut-HaZadikim.xml
added	אור המאיר		WOA	75536	75545	Hitgalut-HaZadikim.xml
added	זאב		PER	75577	75580	Hitgalut-HaZadikim.xml
added	לעמבורג		GPE	75613	75620	Hitgalut-HaZadikim.xml
added	ליב דיממעלים		PER	75998	76010	Hitgalut-HaZadikim.xml
added	לובלין		GPE	76057	76063	Hitgalut-HaZadikim.xml
added	אורי		PER	76183	76187	Hitgalut-HaZadikim.xml
added	אורי		PER	76322	76326	Hitgalut-HaZadikim.xml
added	אורי		PER	76716	76720	Hitgalut-HaZadikim.xml
added	אוריי		PER	76781	76786	Hitgalut-HaZadikim.xml
added	ליב דיממעלם		PER	77054	77065	Hitgalut-HaZadikim.xml
added	אורי		PER	77124	77128	Hitgalut-HaZadikim.xml
added	ליב		PER	77201	77204	Hitgalut-HaZadikim.xml
added	אורי		PER	77229	77233	Hitgalut-HaZadikim.xml
added	ליב		PER	77347	77350	Hitgalut-HaZadikim.xml
added	אורי		PER	77429	77433	Hitgalut-HaZadikim.xml
added	אורי		PER	77600	77604	Hitgalut-HaZadikim.xml
added	אורי		PER	77647	77651	Hitgalut-HaZadikim.xml
added	ליב		PER	77923	77926	Hitgalut-HaZadikim.xml
added	ליב		PER	77993	77996	Hitgalut-HaZadikim.xml
added	אורי		PER	78007	78011	Hitgalut-HaZadikim.xml
added	ליב דיממעלם		PER	78813	78824	Hitgalut-HaZadikim.xml
added	לעמבורג		GPE	79134	79141	Hitgalut-HaZadikim.xml
added	סטרעליסק		GPE	79152	79160	Hitgalut-HaZadikim.xml
added	לעמבורג		GPE	79187	79194	Hitgalut-HaZadikim.xml
added	רמ״י		PER	79380	79384	Hitgalut-HaZadikim.xml
added	וואפטשי לעמבורגער		PER	79414	79431	Hitgalut-HaZadikim.xml
added	אורי		PER	79464	79468	Hitgalut-HaZadikim.xml
added	אורי		PER	79538	79542	Hitgalut-HaZadikim.xml
added	סטרעליסק		GPE	79643	79651	Hitgalut-HaZadikim.xml
added	סטרעליסק		GPE	79691	79699	Hitgalut-HaZadikim.xml
added	אייזיק		PER	79721	79727	Hitgalut-HaZadikim.xml
added	לובלין		GPE	79780	79786	Hitgalut-HaZadikim.xml
added	סטרעליסק		GPE	79821	79829	Hitgalut-HaZadikim.xml
added	אלול		TIMEX	79882	79886	Hitgalut-HaZadikim.xml
added	לובלין		GPE	79900	79906	Hitgalut-HaZadikim.xml
added	אורי		PER	79943	79947	Hitgalut-HaZadikim.xml
added	סטרעליסק		GPE	79956	79964	Hitgalut-HaZadikim.xml
added	לובלין		GPE	80392	80398	Hitgalut-HaZadikim.xml
added	לובלין		GPE	80443	80449	Hitgalut-HaZadikim.xml
added	לובלין		GPE	80604	80610	Hitgalut-HaZadikim.xml
added	סטרעליסק		GPE	80684	80692	Hitgalut-HaZadikim.xml
added	אורי		PER	80738	80742	Hitgalut-HaZadikim.xml
added	לובלין		GPE	80932	80938	Hitgalut-HaZadikim.xml
added	סטרעליסק		GPE	81010	81018	Hitgalut-HaZadikim.xml
added	לובלין		GPE	81091	81097	Hitgalut-HaZadikim.xml
added	אורי		PER	81126	81130	Hitgalut-HaZadikim.xml
added	א״ק		WOA	81197	81200	Hitgalut-HaZadikim.xml
added	נטע		PER	81264	81267	Hitgalut-HaZadikim.xml
added	חעלים		GPE	81269	81274	Hitgalut-HaZadikim.xml
added	אלימלך		PER	81379	81385	Hitgalut-HaZadikim.xml
added	ליזענסק		GPE	81394	81401	Hitgalut-HaZadikim.xml
added	וולאדווע		GPE	81472	81480	Hitgalut-HaZadikim.xml
added	וולאדווע		GPE	85992	86000	Hitgalut-HaZadikim.xml
added	תעלמא		GPE	86605	86610	Hitgalut-HaZadikim.xml
added	חעלמא		GPE	86613	86618	Hitgalut-HaZadikim.xml
added	תעלמא		GPE	86751	86756	Hitgalut-HaZadikim.xml
added	חעלמא		GPE	86813	86818	Hitgalut-HaZadikim.xml
added	נטע		PER	87024	87027	Hitgalut-HaZadikim.xml
added	חעלמא		GPE	87747	87752	Hitgalut-HaZadikim.xml
added	חעלים		GPE	88148	88153	Hitgalut-HaZadikim.xml
added	אברהם		PER	89449	89454	Hitgalut-HaZadikim.xml
added	יצחק		PER	89462	89466	Hitgalut-HaZadikim.xml
added	יצחק		PER	89645	89649	Hitgalut-HaZadikim.xml
added	אב ידעך מנוער		WOA	91248	91261	Hitgalut-HaZadikim.xml
added	אברהם		PER	91272	91277	Hitgalut-HaZadikim.xml
added	נטע		PER	92270	92273	Hitgalut-HaZadikim.xml
added	תקע״ב		TIMEX	92523	92528	Hitgalut-HaZadikim.xml
added	א׳ שבט		TIMEX	92529	92535	Hitgalut-HaZadikim.xml
added	רמ״י		PER	92564	92568	Hitgalut-HaZadikim.xml
added	נטע		PER	92596	92599	Hitgalut-HaZadikim.xml
added	וולאדווער		GPE	92600	92609	Hitgalut-HaZadikim.xml
added	"רמ""צ"		PER	92681	92685	Hitgalut-HaZadikim.xml
added	נטע		PER	92736	92739	Hitgalut-HaZadikim.xml
added	חעלים		GPE	92751	92756	Hitgalut-HaZadikim.xml
added	ליזענסק		GPE	92763	92770	Hitgalut-HaZadikim.xml
added	אלימלך		PER	92787	92793	Hitgalut-HaZadikim.xml
added	אלעזר		PER	92930	92935	Hitgalut-HaZadikim.xml
added	אלימלך		PER	92969	92975	Hitgalut-HaZadikim.xml
added	יששכר דוב		PER	93095	93104	Hitgalut-HaZadikim.xml
added	ראדשיץ		GPE	93116	93122	Hitgalut-HaZadikim.xml
added	מאיר יהושע		PER	93178	93188	Hitgalut-HaZadikim.xml
added	קלמנטוב		GPE	93208	93215	Hitgalut-HaZadikim.xml
added	ליביש		PER	93245	93250	Hitgalut-HaZadikim.xml
added	אופלא		GPE	93257	93262	Hitgalut-HaZadikim.xml
added	אוזראב		GPE	93264	93270	Hitgalut-HaZadikim.xml
added	ריווץ		GPE	93325	93330	Hitgalut-HaZadikim.xml
added	ישכר דוב		PER	93360	93368	Hitgalut-HaZadikim.xml
added	ראדשיץ		GPE	93384	93390	Hitgalut-HaZadikim.xml
added	ראדשיץ		GPE	93458	93464	Hitgalut-HaZadikim.xml
added	רמ״י		PER	94225	94229	Hitgalut-HaZadikim.xml
added	פולניא		GPE	94434	94440	Hitgalut-HaZadikim.xml
added	לובלין		GPE	94752	94758	Hitgalut-HaZadikim.xml
added	המגיד		PER	94765	94770	Hitgalut-HaZadikim.xml
added	קאזניץ		GPE	94778	94784	Hitgalut-HaZadikim.xml
added	הרב היהודי		PER	94790	94800	Hitgalut-HaZadikim.xml
added	פרשיסחא		GPE	94808	94815	Hitgalut-HaZadikim.xml
added	לובלין		GPE	94874	94880	Hitgalut-HaZadikim.xml
added	פרשיסחא		GPE	94882	94889	Hitgalut-HaZadikim.xml
added	פרשיסחא		GPE	94898	94905	Hitgalut-HaZadikim.xml
added	קאזניץ		GPE	94907	94913	Hitgalut-HaZadikim.xml
added	לובלין		GPE	95105	95111	Hitgalut-HaZadikim.xml
added	פרשעדבורז		GPE	96681	96690	Hitgalut-HaZadikim.xml
added	בעראל		PER	96827	96832	Hitgalut-HaZadikim.xml
added	פרשעדבורז		GPE	97065	97074	Hitgalut-HaZadikim.xml
added	המגיד		PER	97134	97139	Hitgalut-HaZadikim.xml
added	קאזניץ		GPE	97145	97151	Hitgalut-HaZadikim.xml
added	המגיד		PER	97391	97396	Hitgalut-HaZadikim.xml
added	קאזניץ		GPE	98852	98858	Hitgalut-HaZadikim.xml
added	המגיד		PER	99075	99080	Hitgalut-HaZadikim.xml
added	קאזניץ		GPE	99661	99667	Hitgalut-HaZadikim.xml
added	בעראל		PER	101449	101454	Hitgalut-HaZadikim.xml
added	ראדשין		GPE	102737	102743	Hitgalut-HaZadikim.xml
added	"תר""ג"		TIMEX	102753	102757	Hitgalut-HaZadikim.xml
added	י״ח סיון		TIMEX	102758	102766	Hitgalut-HaZadikim.xml
added	על״צ		WOA	102819	102823	Hitgalut-HaZadikim.xml
added	הלקוטים		WOA	102825	102832	Hitgalut-HaZadikim.xml
added	ראדשיץ		GPE	102887	102893	Hitgalut-HaZadikim.xml
added	סעודיה גאון		PER	103601	103612	Hitgalut-HaZadikim.xml
added	סעדי׳ גאון		PER	104101	104111	Hitgalut-HaZadikim.xml
added	סש״ש		WOA	106013	106017	Hitgalut-HaZadikim.xml
added	העשיל		PER	106072	106077	Hitgalut-HaZadikim.xml
added	העשיל		PER	106136	106141	Hitgalut-HaZadikim.xml
added	הירש		PER	106185	106189	Hitgalut-HaZadikim.xml
added	באלחוב		GPE	106191	106197	Hitgalut-HaZadikim.xml
added	ת״ח		TIMEX	106251	106254	Hitgalut-HaZadikim.xml
added	ווינא		GPE	106264	106269	Hitgalut-HaZadikim.xml
added	שעפטיל		PER	106291	106297	Hitgalut-HaZadikim.xml
added	ווי העמודים		WOA	106319	106330	Hitgalut-HaZadikim.xml
added	העשיל		PER	106354	106359	Hitgalut-HaZadikim.xml
added	העשיל		PER	106370	106375	Hitgalut-HaZadikim.xml
added	"של""ה"		PER	106503	106507	Hitgalut-HaZadikim.xml
added	העשיל		PER	106573	106578	Hitgalut-HaZadikim.xml
added	"ר""ת"		PER	106589	106592	Hitgalut-HaZadikim.xml
added	התוס׳		WOA	106597	106602	Hitgalut-HaZadikim.xml
added	שעפטיל		PER	106630	106636	Hitgalut-HaZadikim.xml
added	העשיל		PER	106648	106653	Hitgalut-HaZadikim.xml
added	העשיל		PER	106732	106737	Hitgalut-HaZadikim.xml
added	מיכלי		PER	125637	125642	Hitgalut-HaZadikim.xml
added	אפטא		GPE	125709	125713	Hitgalut-HaZadikim.xml
added	אוהב ישראל		PER	125718	125728	Hitgalut-HaZadikim.xml
added	משה ליב		PER	125764	125771	Hitgalut-HaZadikim.xml
added	סאסוב		GPE	125773	125778	Hitgalut-HaZadikim.xml
added	מיכלי		PER	125815	125820	Hitgalut-HaZadikim.xml
added	זלאטשוב		GPE	125831	125838	Hitgalut-HaZadikim.xml
added	בראדי		GPE	125879	125884	Hitgalut-HaZadikim.xml
added	בראדי		GPE	125901	125906	Hitgalut-HaZadikim.xml
added	בראדי		GPE	125964	125969	Hitgalut-HaZadikim.xml
added	הבעש״ט		PER	126232	126238	Hitgalut-HaZadikim.xml
added	אפטא		GPE	126347	126351	Hitgalut-HaZadikim.xml
added	סאסיב		GPE	126383	126388	Hitgalut-HaZadikim.xml
added	מיכלי		PER	126514	126519	Hitgalut-HaZadikim.xml
added	רב פפא		PER	126915	126921	Hitgalut-HaZadikim.xml
added	אפטא		GPE	127106	127110	Hitgalut-HaZadikim.xml
added	"מ""נ די״ט"		WOA	127588	127596	Hitgalut-HaZadikim.xml
added	אלימלך		PER	127664	127670	Hitgalut-HaZadikim.xml
added	ליזענסק		GPE	127682	127689	Hitgalut-HaZadikim.xml
added	אלימלך		PER	127727	127733	Hitgalut-HaZadikim.xml
added	פולין		GPE	128273	128278	Hitgalut-HaZadikim.xml
added	שידלאווצי		GPE	128289	128298	Hitgalut-HaZadikim.xml
added	ליביש שידלאווצער		PER	128324	128340	Hitgalut-HaZadikim.xml
added	ליזענסק		GPE	128392	128399	Hitgalut-HaZadikim.xml
added	אלימלך		PER	128530	128536	Hitgalut-HaZadikim.xml
added	ליזענסק		GPE	129001	129008	Hitgalut-HaZadikim.xml
added	שידלאווצי		GPE	129601	129610	Hitgalut-HaZadikim.xml
added	לייביש		PER	133242	133248	Hitgalut-HaZadikim.xml
added	אלימלך		PER	135357	135363	Hitgalut-HaZadikim.xml
added	רמ״י		PER	135752	135756	Hitgalut-HaZadikim.xml
added	אלימלך		PER	135802	135808	Hitgalut-HaZadikim.xml
added	משה		PER	135852	135855	Hitgalut-HaZadikim.xml
added	פשעווארסק		GPE	135864	135873	Hitgalut-HaZadikim.xml
added	אלימלך		PER	135912	135918	Hitgalut-HaZadikim.xml
added	ליזענסק		GPE	135932	135939	Hitgalut-HaZadikim.xml
added	אלימלך		PER	135996	136002	Hitgalut-HaZadikim.xml
added	ליזענסק		GPE	136004	136011	Hitgalut-HaZadikim.xml
added	אלימלך		PER	136055	136061	Hitgalut-HaZadikim.xml
added	פשעווארסק		GPE	136063	136072	Hitgalut-HaZadikim.xml
added	אלימלך		PER	136109	136115	Hitgalut-HaZadikim.xml
added	פשעווארסק		GPE	136117	136126	Hitgalut-HaZadikim.xml
added	לוי יצחק		PER	145686	145694	Hitgalut-HaZadikim.xml
added	בארדיטשוב		GPE	145708	145717	Hitgalut-HaZadikim.xml
added	יחזקאל		PER	145772	145778	Hitgalut-HaZadikim.xml
added	קאזמיר		GPE	145780	145786	Hitgalut-HaZadikim.xml
added	בארדיטשוב		GPE	145882	145891	Hitgalut-HaZadikim.xml
added	יחזקאל		PER	145912	145918	Hitgalut-HaZadikim.xml
added	בארדיטשוב		GPE	145961	145970	Hitgalut-HaZadikim.xml
added	זעליחאוו		GPE	146018	146026	Hitgalut-HaZadikim.xml
added	קאזמיר		GPE	146039	146045	Hitgalut-HaZadikim.xml
added	בארדיטשוב		GPE	146117	146126	Hitgalut-HaZadikim.xml
added	זעליחאוו		GPE	146161	146169	Hitgalut-HaZadikim.xml
added	לוי יצחק		PER	146211	146219	Hitgalut-HaZadikim.xml
added	לוי יצחקיל		PER	146247	146257	Hitgalut-HaZadikim.xml
added	זעליחאוו		GPE	146318	146326	Hitgalut-HaZadikim.xml
added	חנוכה		TIMEX	146383	146388	Hitgalut-HaZadikim.xml
added	זעליחאוו		GPE	146422	146430	Hitgalut-HaZadikim.xml
added	לוי יצחקיל		PER	146445	146455	Hitgalut-HaZadikim.xml
added	לוי יצחק		PER	147067	147075	Hitgalut-HaZadikim.xml
added	פסח		TIMEX	147101	147104	Hitgalut-HaZadikim.xml
added	שבועות		TIMEX	147110	147116	Hitgalut-HaZadikim.xml
added	התגלות הבדים		WOA	147482	147494	Hitgalut-HaZadikim.xml
added	לוי יצחק		PER	147518	147526	Hitgalut-HaZadikim.xml
added	קאמיר		GPE	147707	147712	Hitgalut-HaZadikim.xml
added	קאמיר		GPE	147745	147750	Hitgalut-HaZadikim.xml
added	קאמיר		GPE	147778	147783	Hitgalut-HaZadikim.xml
added	קאמיר		GPE	147979	147984	Hitgalut-HaZadikim.xml
added	לוי יצחקיל		PER	148959	148969	Hitgalut-HaZadikim.xml
added	יחזקאל		PER	149456	149462	Hitgalut-HaZadikim.xml
added	קאזמיר		GPE	149469	149475	Hitgalut-HaZadikim.xml
added	יהושע העשיל		PER	149611	149622	Hitgalut-HaZadikim.xml
added	אפטא		GPE	149629	149633	Hitgalut-HaZadikim.xml
added	אוהב ישראל		WOA	149638	149648	Hitgalut-HaZadikim.xml
added	אפטא		GPE	149688	149692	Hitgalut-HaZadikim.xml
added	אוהב ישראל		WOA	149697	149707	Hitgalut-HaZadikim.xml
added	שבת		TIMEX	149953	149956	Hitgalut-HaZadikim.xml
added	אפטא		GPE	151304	151308	Hitgalut-HaZadikim.xml
added	אפטא		GPE	151513	151517	Hitgalut-HaZadikim.xml
added	ישראל		PER	151786	151791	Hitgalut-HaZadikim.xml
added	רוזען		GPE	151793	151798	Hitgalut-HaZadikim.xml
added	אברהם		PER	151861	151866	Hitgalut-HaZadikim.xml
added	סטאשוב		GPE	151886	151892	Hitgalut-HaZadikim.xml
added	פארוסאוו		GPE	151894	151902	Hitgalut-HaZadikim.xml
added	היהודי		PER	151919	151925	Hitgalut-HaZadikim.xml
added	רוזען		GPE	151976	151981	Hitgalut-HaZadikim.xml
added	התגלות הצדיקים		WOA	153273	153287	Hitgalut-HaZadikim.xml
added	ליביש		PER	162760	162765	Hitgalut-HaZadikim.xml
added	אפאלע		GPE	162772	162777	Hitgalut-HaZadikim.xml
added	אוזעריב		GPE	162779	162786	Hitgalut-HaZadikim.xml
added	מאיר יהושע		PER	162838	162848	Hitgalut-HaZadikim.xml
added	קלימנטוב		GPE	162861	162869	Hitgalut-HaZadikim.xml
added	ליביש		PER	162953	162958	Hitgalut-HaZadikim.xml
added	אפלע		GPE	162960	162964	Hitgalut-HaZadikim.xml
added	אוזראוו		GPE	162967	162974	Hitgalut-HaZadikim.xml
added	המגיד		PER	164214	164219	Hitgalut-HaZadikim.xml
added	קאזניץ		GPE	164394	164400	Hitgalut-HaZadikim.xml
added	התגלות הבדיל		WOA	167495	167507	Hitgalut-HaZadikim.xml
added	יהודא ליב		PER	167600	167609	Hitgalut-HaZadikim.xml
added	אקולקוב		GPE	167624	167631	Hitgalut-HaZadikim.xml
added	זאוויחוואסט		GPE	167633	167644	Hitgalut-HaZadikim.xml
added	"ליקוטי מהרי""ל"		WOA	167654	167667	Hitgalut-HaZadikim.xml
added	"מהרי""ל"		PER	167661	167667	Hitgalut-HaZadikim.xml
added	שמואל שמעלקי		PER	167756	167768	Hitgalut-HaZadikim.xml
added	"מהרי""ל"		PER	167826	167832	Hitgalut-HaZadikim.xml
added	לובלין		GPE	168663	168669	Hitgalut-HaZadikim.xml
added	זאקלקוב		GPE	168703	168710	Hitgalut-HaZadikim.xml
added	לובלין		GPE	169281	169287	Hitgalut-HaZadikim.xml
added	שמואל שמעלקא		PER	170156	170168	Hitgalut-HaZadikim.xml
added	תגלות הבן		WOA	170336	170345	Hitgalut-HaZadikim.xml
added	רש״ש		PER	170483	170487	Hitgalut-HaZadikim.xml
added	שמואל שמעלתא		PER	171208	171220	Hitgalut-HaZadikim.xml
added	רש״ש		PER	171713	171717	Hitgalut-HaZadikim.xml
added	לובלין		GPE	172154	172160	Hitgalut-HaZadikim.xml
added	רש״ש		PER	172472	172476	Hitgalut-HaZadikim.xml
added	התגלות הצדימו		WOA	173515	173528	Hitgalut-HaZadikim.xml
added	זאקולקוב		GPE	173756	173764	Hitgalut-HaZadikim.xml
added	לובלין		GPE	173792	173798	Hitgalut-HaZadikim.xml
added	רש״ש		PER	174044	174048	Hitgalut-HaZadikim.xml
added	אלימלך		PER	177096	177102	Hitgalut-HaZadikim.xml
added	ליזענסק		GPE	177116	177123	Hitgalut-HaZadikim.xml
added	קהלת		WOA	179447	179451	Hitgalut-HaZadikim.xml
added	גיטין		WOA	179518	179523	Hitgalut-HaZadikim.xml
added	עיליש		PER	179549	179554	Hitgalut-HaZadikim.xml
added	זוה״ק		WOA	179579	179584	Hitgalut-HaZadikim.xml
added	רש״ש		PER	180929	180933	Hitgalut-HaZadikim.xml
added	"מהרצ""א"		PER	181768	181774	Hitgalut-HaZadikim.xml
added	"ליקוטי מהרי""ל"		WOA	181848	181861	Hitgalut-HaZadikim.xml
added	"מהרי""ל"		PER	181855	181861	Hitgalut-HaZadikim.xml
added	"הרי""ל"		PER	181870	181875	Hitgalut-HaZadikim.xml
added	ינון		PER	182612	182616	Hitgalut-HaZadikim.xml
added	הלבנון		GPE	182622	182628	Hitgalut-HaZadikim.xml
added	איי הים		WOA	182758	182765	Hitgalut-HaZadikim.xml
added	"ש""ת"		WOA	182784	182787	Hitgalut-HaZadikim.xml
added	ליווארני		GPE	182818	182826	Hitgalut-HaZadikim.xml
added	תרכ״ט		TIMEX	182827	182832	Hitgalut-HaZadikim.xml
added	ישראל משה חזן		PER	182864	182877	Hitgalut-HaZadikim.xml
added	נתן צבי		PER	182923	182930	Hitgalut-HaZadikim.xml
added	ווענגראוו		GPE	182949	182958	Hitgalut-HaZadikim.xml
added	ירושלים		GPE	183054	183061	Hitgalut-HaZadikim.xml
added	"מהריק""ו"		PER	183086	183093	Hitgalut-HaZadikim.xml
added	אשכנז		GPE	183171	183176	Hitgalut-HaZadikim.xml
added	רוסיא		GPE	183198	183203	Hitgalut-HaZadikim.xml
added	רש״י		PER	187138	187142	Hitgalut-HaZadikim.xml
added	סנהדרין		WOA	187143	187150	Hitgalut-HaZadikim.xml
added	שערי תשובה		WOA	187197	187207	Hitgalut-HaZadikim.xml
